-- phpMyAdmin SQL Dump
-- version 5.2.1
-- https://www.phpmyadmin.net/
--
-- Servidor: 127.0.0.1
<<<<<<< HEAD
-- Tiempo de generación: 16-07-2025 a las 03:31:33
=======
-- Tiempo de generación: 16-07-2025 a las 18:51:15
>>>>>>> origin/Adrian-prueba
-- Versión del servidor: 10.4.32-MariaDB
-- Versión de PHP: 8.2.12

SET SQL_MODE = "NO_AUTO_VALUE_ON_ZERO";
START TRANSACTION;
SET time_zone = "+00:00";


/*!40101 SET @OLD_CHARACTER_SET_CLIENT=@@CHARACTER_SET_CLIENT */;
/*!40101 SET @OLD_CHARACTER_SET_RESULTS=@@CHARACTER_SET_RESULTS */;
/*!40101 SET @OLD_COLLATION_CONNECTION=@@COLLATION_CONNECTION */;
/*!40101 SET NAMES utf8mb4 */;

--
CREATE DATABASE regimind_bd;
USE regimind_bd;
--

-- --------------------------------------------------------

--
-- Estructura de tabla para la tabla `patentes`
--

CREATE TABLE `patentes` (
  `id` int(11) NOT NULL,
  `expediente` varchar(100) NOT NULL,
  `tipoPatente` varchar(100) NOT NULL,
  `titulo` varchar(500) NOT NULL,
  `fecha` date NOT NULL,
  `estado` varchar(50) NOT NULL,
  `inventor` varchar(100) DEFAULT NULL,
  `apoderado` varchar(100) DEFAULT NULL,
  `cip` varchar(100) NOT NULL
) ENGINE=InnoDB DEFAULT CHARSET=utf8mb4 COLLATE=utf8mb4_general_ci;

--
-- Volcado de datos para la tabla `patentes`
--

INSERT INTO `patentes` (`id`, `expediente`, `tipoPatente`, `titulo`, `fecha`, `estado`, `inventor`, `apoderado`, `cip`) VALUES
(1, 'NC2024/0016928', 'Patente de Invención Nacional', 'PIEZA MODULAR Y ENSAMBLE POR TESELACIÓN', '2024-12-10', 'Publicada sin pago', 'Miguel Esteban Beltrán González', 'MANUEL ANTONIO GUERRERO GAITAN ', 'B44C 3/12,E03B 11/14,E03F 1/00,F17C 3/00,E02B 11/00,E04B 1/343,E01C 5/00,E01C 5/06'),
(2, 'NC2024/0018294', 'Patente de Invención Nacional', 'CARCASA DE DOS TAPAS', '2024-12-30', 'Publicada sin pago', 'WALTER ROLANDO GALVEZ RENDON', 'WALTER ANTONIO GALVEZ URREGO', 'H01L 41/053,H01L 41/23,H01R 4/64,H02K 5/00'),
(3, 'NC2024/0017135', 'Patente de Invención Nacional', 'CALDERO ELÉCTRICO PARA HACER ARROZ, CALENTAR Y FREÍR', '2024-12-13', 'Publicada sin pago', 'Alberto Ceballos Sierra,Jaime Sierra Rivera ', 'ALICIA LLOREDA RICAURTE', 'A47J 27/00,A47J 27/62,H05B 1/02,A23L 7/10,A23P 30/00'),
(4, 'NC2023/0009283', 'Patente de Invención Nacional', 'ORDENADOR MOLECULAR', '2023-07-13', 'Publicada sin pago', 'SANTIAGO ESCOBAR VELASQUEZ', 'WILLIAM PARRA BARAJAS', 'C10L 1/00,C10L 1/02,F02M 25/00,F02M 27/00,F02M 27/04'),
(5, 'NC2025/0000130', 'Patente de Invención Nacional', 'PROCESO BASADO EN REDES NEURONALES PARA DETERMINAR PROBABILIDAD DE ENFERMEDAD PULMONAR OBSTRUCTIVA CRONICA (EPOC)', '2025-01-09', 'Publicada sin pago', 'LUIS FERNANDO GIRALDO CADAVID,Daniel Alfonso Botero Rosas,ADRIANA MALDONADO FRANCO', 'CLAUDIA LUCIA CARO RAMIREZ', 'G01N 33/543,G01N 33/68,C12Q 1/6883,C12Q 1/689,A61B 5/08,G16H 10/60,G16H 50/30'),
(6, 'NC2024/0014227', 'Patente de Invención Nacional', 'COLORANTES A BASE DE NOPAL Y MÉTODOS DE PREPARACIÓN DE LOS MISMOS', '2024-10-18', 'Publicada sin pago', 'LINA  MARIA  CHICA OSORIO ,MAURICIO  VASQUEZ RENDÓN,Andrea Zuluaga Ríos,Juliana Mejía Tangarife,Davi', 'MAURICIO JARAMILLO CAMPUZANO', 'C09B 61/00,C09B 67/54'),
(7, 'NC2024/0015931', 'Patente de Invención Nacional', 'ARTÍCULO ABSORBENTE DESECHABLE CON CAPACIDAD DE DISTRIBUCIÓN DE FLUIDO ABSORBIDO MEJORADO EN EL SENTIDO LONGITUDINAL', '2024-11-22', 'Publicada sin pago', 'Tomás Luis AMIAMA DI MARZIO', 'CLAUDIA LUCIA CARO RAMIREZ', 'A61F 5/44,A61F 13/15,A61F 13/49,A61F 13/511,A61F 13/53,B32B 3/24,B32B 27/12'),
(8, 'NC2024/0015956', 'Patente de Invención Nacional', 'COMPOSICIÓN QUÍMICA CON CARACTERÍSTICAS FÍSICO-QUÍMICAS QUE LA ASEMEJAN A UN FLUIDO MENSTRUAL FEMENINO.', '2024-11-25', 'Publicada sin pago', 'Tomás Luis AMIAMA DI MARZIO,Karina Andrea SANCHEZ TREJO', 'CLAUDIA LUCIA CARO RAMIREZ', 'A61F 13/00,A61F 13/15,A61F 13/472,A61F 13/49,A61F 13/511,A61F 13/514,A61F 13/515,A61F 13/53,A61L 15/'),
(9, 'NC2025/0000266', 'Patente de Invención Nacional', 'DISPOSITIVO PARA AUTOMATIZAR ACCIONES DE COBRO TRIBUTARIO', '2025-01-13', 'Publicada sin pago', 'NATALIA COLORADO BETANCOURT', 'NATALIA COLORADO BETANCOURT', 'G06G 7/00,G10L 13/00,G10L 15/00,G10L 15/01'),
(10, 'NC2023/0009453', 'Patente de Invención Nacional', 'MECANISMO DE CONEXIÓN DEL ASIENTO CON COMPONENTES METÁLICOS Y POLIMÉRICOS', '2023-07-14', 'Publicada sin pago', 'ALVARO MAURICIO OLARTE', 'LUIS FELIPE CASTILLO GIBSONE', 'E05D 5/10,E05D 5/14,A47C 1/00,A47C 1/02,A47C 1/121,A47C 7/58,A47C 21/00'),
(11, 'NC2024/0009441', 'Patente de Invención Nacional', 'MÁQUINA MODULAR, CÍCLICA Y ROTATORIA PARA SELECCIÓN Y CLASIFICACIÓN ÓPTICA DE FRUTOS DE CAFÉ', '2024-07-17', 'Publicada sin pago', 'YILVER ALEXIS CRUZ ORTIZ,WEIMAR ANDRES CRUZ ORTIZ', 'YILVER ALEXIS CRUZ ORTIZ', 'B07B 4/02,B07B 9/00,B07C 5/00,B07C 5/02,B07C 5/34,B07C 5/342,B07C 5/36,G01J 3/46'),
(12, 'NC2024/0015319', 'Patente de Invención Nacional', 'SISTEMA DE OPTIMIZACIÓN Y DESVÍO INTELIGENTE DE AGUA PARA CALENTADORES DE GAS DOMÉSTICOS', '2024-11-10', 'Publicada sin pago', 'Daniel  López Tabares,Carlos Emilio López Ciro', 'Daniel  López Tabares', 'F24H 1/00,F24H 1/10,F24H 1/14,F24H 1/18,F24H 3/04,F24H 9/12,F24H 9/20,F24D 17/00'),
(13, 'NC2024/0014055', 'Patente de Invención Nacional', 'MÉTODO Y APARATO PARA REVESTIR HILOS METÁLICOS Y NO METÁLICOS CON PLÁSTICO', '2024-10-17', 'Publicada sin pago', 'Marco Antonio Iturriza Moreno', 'Marco Antonio Iturriza Moreno', ''),
(14, 'NC2024/0018023', 'Patente de Invención Nacional', 'SISTEMA DE SUSPENSIÓN POSTERIOR PARA VEHICULOS ELÉCTRICO DE TRANSPORTE DE CARGA', '2024-12-26', 'Publicada sin pago', 'Rosemberg ESPINEL FORERO,JOHN FEDDY  TRAIANA VARGAS,Carlos Montenegro,ROBERTO IREGUI', 'LIZBETH CALVO', 'B60P 1/00,B60P 1/64,B60P 3/00,B60P 9/00,B60G 3/24,B60G 11/46,B62D 21/11,B60G 3/12,B60G 3/20,B60G 7/0'),
(15, 'NC2024/0018031', 'Patente de Invención Nacional', 'SISTEMA BASTIDOR PARA UN VEHÍCULO ELÉCTRICO DE TRANPORTE DE CARGA ', '2024-12-26', 'Publicada sin pago', 'CARLOS MIGUEL MONTENEGRO PEREZ,Rosemberg Espinel Forero,JOHN FEDDY  TRAIANA VARGAS,fabio alirio  cue', 'LIZBETH CALVO', 'B60P 1/00,B60P 1/64,B60P 3/00,B60P 9/00,B60L 50/50,B62D 31/00,B62K 5/01,B62K 7/04,B62J 43/20'),
(16, 'NC2024/0018030', 'Patente de Invención Nacional', 'SISTEMA DE FRENOS PARA VEHICULO ELECTRICO DE TRANSPORTE DE CARGA', '2024-12-26', 'Publicada sin pago', 'Rosemberg ESPINEL FORERO,JOHN FEDDY  TRAIANA VARGAS,Carlos Montenegro,José Isaias Montaña Galán,DIEG', 'LIZBETH CALVO', 'B60P 1/00,B60P 1/64,B60P 3/00,B60P 9/00,B60L 7/26,B60T 8/1761,B60T 13/58'),
(17, 'NC2024/0018397', 'Patente de Invención Nacional', 'DISPOSITIVO DE TELEMEDICINA Y PROCEDIMIENTO DE DIAGNOSTICO Y CLASIFICACION DE RIESGO', '2024-12-31', 'Publicada sin pago', 'ELI JACOB GODOY RUIZ', 'EDWAR ANDRES ROMERO GONGORA', 'A61B 5/00,G06F 15/16,G06Q 50/00,H04M 11/00'),
(18, 'NC2024/0016710', 'Patente de Invención Nacional', 'DISPOSITIVO DE BOMBEO PERPETUO PARA ACUAPONÍA', '2024-12-04', 'Publicada sin pago', 'Julia Victoria Arredondo Botero,Edwin Alberto Giraldo Ramírez,Óscar Eduardo Molano Betancur,Juan Est', 'CARLOS FERNANDO TAMAYO LOPEZ', 'A01G 31/06,A01K 63/04,A01G 7/04'),
(19, 'NC2023/0010375', 'Patente de Invención Nacional', '“REACTOR FUNGIBLE PARA EL PROCESAMIENTO DE BATERÍAS”', '2023-08-04', 'Publicada sin pago', 'Pedro Luis  Delvasto Angarita,Diego  Pérez Acevedo,Jhon Freddy  Palacios ,Diego Fernando  Hernández ', 'CARLOS REINALDO OLARTE GARCIA', 'H01M 6/52'),
(20, 'NC2023/0010382', 'Patente de Invención Nacional', 'EMPAQUE EXHIBIDOR PARA BOTELLA', '2023-08-04', 'Publicada sin pago', 'Cesar Augusto Bernal Gonzalez', 'CARLOS REINALDO OLARTE GARCIA', 'B65D 6/02,B65D 25/02,B65D 25/24'),
(21, 'NC2023/0010306', 'Patente de Invención Nacional', 'MÁQUINA MODULAR PARA CONSTRUCCIÓN DE CIMENTACIONES', '2023-08-02', 'Publicada sin pago', 'Giovanni  Gélvez Gélvez ,Cristian Giovanni  Mosquera Castillo', 'CARLOS REINALDO OLARTE GARCIA', 'E21B 7/02,E21B 15/00,E21B 15/04,E21D 20/00,E21B 3/02,E21B 19/00,E21B 19/06,E21B 19/16,E21B 7/12,E21B'),
(22, 'NC2024/0001128', 'Patente de Invención Nacional', 'COMPOSICIÓN DE ETIPROL Y FLONICAMID Y MÉTODO DE PREPARACIÓN DE LA MISMA Y GRÁNULOS DISPERSABLES EN AGUA DE LA MISMA', '2024-02-01', 'Publicada sin pago', 'Zhiqing LI,Jianwei WANG,Lanhua LIU,Peng SUN', 'JUAN CARLOS CUESTA QUINTERO', 'A01N 25/00,A01N 25/02,A01N 43/40,A01N 43/54,A01N 43/56,A01N 43/78,A01N 43/80,A01N 43/90,A01N 63/00'),
(23, 'NC2023/0010262', 'Patente de Invención Nacional', 'INSERTO PLÁSTICO PARA VÁLVULAS O ACCESORIOS PLÁSTICOS', '2023-08-01', 'Publicada sin pago', 'Santiago González Echeverry', 'María José Lamus Becerra', 'F16L 55/07,F16K 27/02'),
(24, 'NC2024/0015955', 'Patente de Invención Nacional', 'MONITOREO DE FRECUENCIAS DE VUELO Y PAUSAS EN VUELO ESTACIONARIO DE COLIBRÍES A TRAVÉS DE TÉCNICAS DE VISIÓN POR COMPUTADOR.', '2024-11-24', 'Publicada sin pago', 'Maria Ximena Bastidas Rodriguez,Ana Melisa Fernandes Fernandes,Juan Roncancio', 'Maria Ximena Bastidas Rodriguez', 'G06K 9/00,G06K 9/03,G06K 9/18,G06K 9/20,G06K 9/82'),
(25, 'NC2024/0018338', 'Patente de Invención Nacional', 'MOTOR SÍNCRONO ULTRADELGADO Y ULTRALIVIANO CON CONTROL DE VELOCIDAD AUTOMÁTICO Y ELECTROMECÁNICO', '2024-12-30', 'Publicada sin pago', 'IVAN HERRERA MURGUEITIO', 'CAROLINA VERA MATIZ', 'H02K 17/00,H02K 17/02,H02K 19/00,H02K 19/02,H02K 21/00,H02K 41/025,H02K 41/03'),
(26, 'NC2025/0000237', 'Patente de Invención Nacional', 'PROCESOS PARA LA FABRICACIÓN DE BRIQUETAS A PARTIR DE CÁSCARA DE COCO Y BRIQUETAS OBTENIDAS', '2025-01-13', 'Publicada sin pago', 'ASTRID VANESSA ESPINEL OVIEDO ,PAOLA ANDREA   MEJÍA ALVAREZ,MARIA MARGARITA  PORTILLA GONZÁLEZ,FRANC', 'MARIO ANDRES ORTEGA MENDOZA', 'C10L 5/06,A01G 24/25'),
(27, 'NC2023/0010399', 'Patente de Invención Nacional', 'CONTENEDOR PLEGABLE', '2023-08-08', 'Publicada sin pago', 'Cesar Augusto Bernal Gonzalez', 'CARLOS REINALDO OLARTE GARCIA', 'B65D 5/00'),
(28, 'NC2024/0016099', 'Patente de Invención Nacional', 'DISPOSITIVO TIPO DENDRÓMETRO PARA MEDICIÓN DE TALLOS Y FRUTOS', '2024-11-27', 'Publicada sin pago', 'ORIANA MICHELLE GOMEZ MUÑOZ,Brian Stiven Bulla Caro,Deivy Ricardo Enciso Rodríguez,Esteban Alexis Mo', 'Diana Marcela  Bonilla Rojas', 'G01B 5/00,G01B 7/12,G01B 7/16,G01B 11/02,G01N 33/46'),
(29, 'NC2021/0008257', 'Patente de Invención Nacional', 'SISTEMA DE ALMACENAMIENTO DE ENERGÍA PARA VEHÍCULOS DE DOS RUEDAS Y MÉTODO DE FABRICACIÓN DEL MISMO', '2021-06-24', 'Publicada sin pago', 'Behlen Christian ,Martinovic Bernard', 'JESUS MARIA MENDEZ BERMUDEZ', 'B60L 50/64,H01M 50/202'),
(30, 'NC2023/0016713', 'Patente de Invención Nacional', 'GENERADOR DE FUERZA MOTRIZ POR GRAVEDAD', '2023-12-01', 'Publicada sin pago', 'CARLOS YESID VARELA BERNAL', 'CARLOS YESID VARELA BERNAL', 'F03G 3/00,F03G 7/10,B60L 50/10'),
(31, 'NC2024/0016757', 'Patente de Invención Nacional', 'PIEZA DE MANO PARA ACELERACIÓN DEL MOVIMIENTO DENTAL Y CONTROL DEL DOLOR DURANTE LOS TRATAMIENTOS DE ORTODONCIA', '2024-12-05', 'Publicada sin pago', 'SERGIO ANDRÉS VELÁSQUEZ CUJAR,Angela Ines Dominguez Camacho', 'Angela Ines Dominguez Camacho', 'A61C 7/00,A61C 7/08,A61N 5/06,A61N 5/067'),
(32, 'NC2023/0010983', 'Patente de Invención Nacional', 'SISTEMA Y PROCESO MODULAR DE SEPARACIÓN DE FLUIDOS Y CONVERSIÓN DE RESIDUOS A CARBÓN ACTIVO, COMBUSTIBLES LÍQUIDOS Y GASES COMBUSTIBLES POR ETAPA DUAL DE PIROLISIS, GASIFICACIÓN ACELERADA Y GENERACIÓN DE ENERGIA.', '2023-08-23', 'Publicada sin pago', 'YUBAR ALBERTO  ARROYAVE RESTREPO', 'KAREN LORENA BONILLA BARRAGAN', 'B09B 3/00,C10L 5/00,F23G 7/00'),
(33, 'NC2024/0016942', 'Patente de Invención Nacional', 'MECANISMO DE ENCOFRADO PARA LOSAS HORIZONTALES DE BAJA ALTURA CON TABLEROS DE SOPORTE ACOPLABLES', '2024-12-10', 'Publicada sin pago', 'RIUSMAN JOSE  RODRIGUEZ MATUTIS ,JOSE DANIEL  RIVERA REYES', 'HUGO DANIEL   GONZALEZ HERNANDEZ', 'E04G 11/40,E04G 11/46,E04G 11/48,E04G 13/02,E04D 11/00,E04G 9/05,E04G 11/38,E04G 11/52,E04G 17/07'),
(34, 'NC2025/0000548', 'Patente de Invención Nacional', 'MÉTODO Y SISTEMA PARA EL DISEÑO Y COSTEO DE SISTEMAS DE TRATAMIENTO DE AGUAS RESIDUALES DE ORIGEN INDUSTRIAL Y DOMÉSTICO', '2025-01-20', 'Publicada sin pago', 'CARLOS EMIRO FLOREZ LOPEZ,Carlos Alberto Albor Bula', 'Gonzalo Andrés Carreño González', 'C02F 9/00,C02F 9/06,C02F 1/24,C02F 1/00'),
(35, 'NC2023/0010706', 'Patente de Invención Nacional', 'TRANSMISIÓN TIPO CARDAN CON EJES DOBLES PARALELOS ENTRE SÍ PARA BICICLETA', '2023-08-16', 'Publicada sin pago', 'VERNEY ANTONIO BLANDON TORRES', 'VERNEY ANTONIO BLANDON TORRES', 'B62M 6/35,B62M 6/75,B62M 11/12,B62M 13/00,B62M 17/00,B62M 25/00,B62K 23/00,B62J 45/00'),
(36, 'NC2024/0017696', 'Patente de Invención Nacional', 'DISPOSITIVO DE SISTEMA MECÁNICO PARA BIODIGESTIÓN ANAERÓBICA', '2024-12-21', 'Publicada sin pago', 'ROBERTO ANTONIO  CARDONA PEREZ ', 'JUAN CARLOS  SUAREZ DELGADILLO', 'C12M 1/02,C12M 1/107,C02F 3/28,C02F 11/04'),
(37, 'NC2023/0010754', 'Patente de Invención Nacional', 'SISTEMA DE FLOTACION POR SATURACION DE GAS EN AGUA MEDIANTE AUTOMATIZACION DEL SISTEMA DE GENERACION DE MICROBURBUJA Y METODO ASOCIADO CON EL MISMO', '2023-08-17', 'Publicada sin pago', 'WILLIAM  ARIZA FONTECHA,BRAYAN DARIO FORIGUA GONZALEZ,JORGE IVAN  ESLAVA GUZMAN,EMIGDIO JAVIER FUENT', 'SANDRA MILENA RODRIGUEZ SARMIENTO', 'G05B 13/00,G05B 17/00'),
(38, 'NC2024/0012169', 'Patente de Invención Nacional', 'DISPOSITIVO Y MÉTODO DE DISPENSACIÓN DE ELEMENTOS FERROMAGNÉTICOS MENORES', '2024-09-06', 'Publicada sin pago', 'JUAN CARLOS  GARATE AGUIRRE,MARIA CRISTINA JARAMILLO GONZALES,ROLANDO JOSUÉ ANDRADE CALLE,MARCO BENI', 'CARLOS REINALDO OLARTE GARCIA', 'B65B 35/30,B65B 35/56,G07F 11/00,G06F 3/0482,G06F 3/0484,H04N 5/247'),
(39, 'NC2023/0011168', 'Patente de Invención Nacional', 'MÉTODO PARA PROCESAR PRODUCTOS DE CACAO CON SABOR, OLOR Y REOLOGÍA MEJORADA', '2023-08-26', 'Publicada sin pago', 'HECTOR HUGO OLARTE NOREÑA,CLAUDIA MILENA  RODRIGUEZ LÓPEZ,MARIA JOSE CHICA MORALES,SERGIO LEONARDO F', 'MANUEL ANTONIO GUERRERO GAITAN ', 'A23G 1/00,A23G 1/52,A23G 1/56,A23G 3/36,A23G 9/32,A23L 5/40,A23L 27/20,A23L 27/29,A23L 33/105,A23G 1'),
(40, 'NC2025/0001288', 'Patente de Invención Nacional', 'UN LIBRO CON PÁGINAS ILUSTRADAS', '2025-02-04', 'Publicada sin pago', 'MUDr. MICHAL VIRAG, PhD.', 'CLEMENCIA DELGADO VILLEGAS', 'B42D 15/00,B42D 15/02,A47B 19/00,B42D 3/12,G09B 5/06,B42D 3/00'),
(41, 'NC2024/0011861', 'Patente de Invención Nacional', 'PANELES EN CONCRETO ALIGERADOS IGNÍFUGOS, RESISTENTE A LA HUMEDAD Y DE ALTA RESISTENCIA MECÁNICA', '2024-08-29', 'Publicada sin pago', 'CHRISTIAN CAMILO  MELO RINCÓN', 'CHRISTIAN CAMILO  MELO RINCÓN', 'C04B 24/08,C04B 24/12,C04B 103/30,C04B 28/04,C04B 38/00,C04B 40/00'),
(42, 'NC2025/0000998', 'Patente de Invención Nacional', 'METODO Y SISTEMA PARA INTERCOMUNICAR TODA LA INFORMACION DEL SERVICIO DE TRANSPORTE PUBLICO URBANO CON EL USUARIO', '2025-01-29', 'Publicada sin pago', 'JOSE GUSTAVO GRISALES GARCIA ', 'JOSE GUSTAVO GRISALES GARCIA ', 'G06F 30/18,H04W 92/00,H04W 12/00,H04W 8/02'),
(43, 'NC2024/0010506', 'Patente de Invención Nacional', ' PROCEDIMIENTO PARA LA PRODUCCIÓN DE BIOHIDRÓGENO A PARTIR DE LA CODIGESTIÓN DE RESIDUO DE CORTE DE CAÑA DE AZÚCAR Y VINAZAS', '2024-07-31', 'Publicada sin pago', 'HOWARD DIEGO  RAMÍREZ MALULE,ANDRÉS FERNANDO                       BARRERA ARISTIZÁBAL ,DAVID ANDRÉS', 'FELIPE EDUARDO  FIGUEROA CARDOZO', 'C12P 3/00,C12P 19/02,C12P 19/14'),
(44, 'NC2024/0002590', 'Patente de Invención Nacional', 'SISTEMA DE GENERACIÓN DE HIDRÓGENO VERDE A PARTIR DE UNA CELDA ELECTROLÍTICA DE UNA SOLA CÁMARA EN SECO', '2024-02-29', 'Publicada sin pago', 'Roberto Calvo', 'JUAN CARLOS CUESTA QUINTERO', 'B01D 53/26,C25B 1/04,C25B 9/00,C25B 9/19,C25B 15/027,C25B 15/08,C25B 1/02,C25B 1/044,C25B 15/021,C25'),
(45, 'NC2023/0008300', 'Patente de Invención Nacional', 'MATERIAL RER', '2023-06-25', 'Publicada sin pago', 'William Alberto Soto', 'William Esteban Soto Posada', 'E04C 1/00,E04C 2/00,C04B 18/04'),
(46, 'NC2023/0011402', 'Patente de Invención Nacional', 'DISPOSITIVO PARA LA OBTENCIÓN DE GRÁNULOS REDONDEADOS DE NACL', '2023-08-29', 'Publicada sin pago', 'SANDRO BAEZ PIMIENTO,MARÍA ELENA  HERNÁNDEZ ROJAS ,SANDRA LUZ CASTAÑÓN ALONSO', 'Natalia Lucia Velez Taborda', 'B01D 1/18,B01J 2/04,B22D 29/00,C01D 3/22,C30B 29/12,C30B 29/60'),
(47, 'NC2025/0002024', 'Patente de Invención Nacional', 'VÁLVULA DE SENTADO Y SELLO THOR', '2025-02-24', 'Publicada sin pago', 'Rolando  Olarte Duran', 'Rolando  Olarte Duran', 'A01J 9/06,B21K 1/24,B23C 3/05'),
(48, 'NC2023/0012144', 'Patente de Invención Nacional', 'MÉTODOS DE PREPARACIÓN DE GLUFOSINATO', '2023-09-14', 'Publicada sin pago', 'Chengjun WU,Nan LI,Jianjie XU,Xianzhong TANG,Chunhui MAO,Wenjie TAN', 'HELENA CAMARGO WILLIAMSON', 'C07B 55/00,C07B 57/00,C07C 227/36,C07C 229/08,C07C 229/36,C07D 453/04,C07F 9/30,C07F 9/32'),
(49, 'NC2025/0001484', 'Patente de Invención Nacional', 'DISPOSITIVO Y METODO PARA EL SUMINISTRO CONTROLADO DE OXI-HIDROGENO COMBINADO CON COMBUSTIBLE PARA MAQUINAS TERMICAS', '2025-02-12', 'Publicada sin pago', 'MIGUEL SANTIAGO ARANGO YOVANY ,FRANCISCO JAVIER  GONZÁLES BARRETO', 'GUILLERMO ANDRES NAVARRO ROMERO', 'G01R 31/00,C25B 9/17,F02M 21/02,F02M 25/06,F02C 3/00,F02C 3/14'),
(50, 'NC2024/0003526', 'Patente de Invención Nacional', 'MÁQUINA PARA HACER AREPAS Y TORTILLAS MODELO C – 17', '2024-03-21', 'Publicada sin pago', 'DANIEL MAURICIO  LOVERA PÉREZ', 'DANIELA NATALIA CORTÉS MURILLO', 'A21C 15/04,A21C 1/00,A21C 3/00'),
(51, 'NC2024/0003382', 'Patente de Invención Nacional', 'SOPORTE PARA DISPOSITIVOS ELECTRONICOS ADAPTADO AL CUERPO DEL USUARIO', '2024-03-19', 'Publicada sin pago', 'Juan Carlos Montes Galarza', 'Juan Carlos Montes Galarza', 'A47B 23/04,A47B 97/04,A45C 11/00,F16M 11/10,F16M 11/38,F16M 13/00'),
(52, 'NC2022/0008115', 'Patente de Invención Nacional', 'MÉTODO PARA REMOVER CADMIO DE LICOR DE CACAO', '2022-06-08', 'Publicada sin pago', 'Juan Carlos  Cruz Jimenez ,Ana Lucía  CAMPAÑA PERILLA ,María Camila  CLAVIJO PÉREZ,Johann Faccelo OS', 'CAMILO JAVIER GOMEZ RIVEROS', 'B01D 15/00,B01J 20/32,B01J 45/00,A23G 1/00,A23L 5/20'),
(53, 'NC2023/0012591', 'Patente de Invención Nacional', 'CHAQUETA ELECTROLUMINISCENTE PARA VÍAS', '2023-09-24', 'Publicada sin pago', 'Luis David Garcia Giraldo', 'Luis David Garcia Giraldo', 'A41D 1/02,H05B 33/00,A41D 3/00,A41D 13/01'),
(54, 'NC2025/0003476', 'Patente de Invención Nacional', 'DISPOSICIÓN INTRODUCIDA EN UNA PLATAFORMA ELEVADORA DE VEHÍCULOS', '2025-03-17', 'Publicada sin pago', 'GABRIEL STUMPF', 'CAROLINA VERA MATIZ', 'B60S 9/215,B60S 1/20,B60S 9/00'),
(55, 'NC2025/0003561', 'Patente de Invención Nacional', 'SALSA PARA HELADOS QUE MANTIENE UNA TEXTURA SUAVE Y UNIFORME A BAJAS TEMPERATURAS', '2025-03-18', 'Publicada sin pago', 'Angelo Lucas,Alejandra María Beltrán Uribe,Tatiana Andrea Becerra,Marcela Rodriguez Bernal', 'MAURICIO JARAMILLO CAMPUZANO', 'A23K 50/48,A23L 29/20,A23L 33/125,A23L 5/43'),
(56, 'NC2024/0013380', 'Patente de Invención Nacional', 'SENSOR Y MÉTODO PARA LA DETECCIÓN DE BIOMOLÉCULAS ASOCIADAS CON PATÓGENOS', '2024-09-30', 'Publicada sin pago', 'ANDRÉS JARAMILLO BOTERO,CARLOS ENRIQUE  NAVARRO CHICA', 'FELIPE EDUARDO  FIGUEROA CARDOZO', 'G01N 33/569,G01N 33/68,G01N 33/53,G01N 33/00'),
(57, 'NC2024/0013379', 'Patente de Invención Nacional', 'SENSOR PARA LA DETECCIÓN DE ÁCIDO SALICÍLICO EN PLANTAS', '2024-09-30', 'Publicada sin pago', 'ANDRÉS JARAMILLO BOTERO,Drochss Valencia ,Sammy Perdomo', 'FELIPE EDUARDO  FIGUEROA CARDOZO', 'G01N 33/00,G01N 17/00,G01N 33/68,G01N 27/00'),
(58, 'NC2024/0011712', 'Patente de Invención Nacional', 'MÉTODO DE OBTENCIÓN DE NANOPOLIMEROS FOTOSENSIBLES PARA ENCAPSULACIÓN DE MOLÉCULAS HIDROFÍLICAS O HIDROFÓBICAS', '2024-08-28', 'Publicada sin pago', 'LINA MARCELA HOYOS PALACIO', 'FELIPE EDUARDO  FIGUEROA CARDOZO', 'A01H 5/00,A61K 9/00,A61K 9/127,A61K 38/00,A61K 39/00,A61K 39/395'),
(59, 'NC2024/0013544', 'Patente de Invención Nacional', 'APARATO PORTÁTIL PARA MEDICIÓN DE LA CALIDAD DEL AIRE', '2024-10-04', 'Publicada sin pago', 'Juan Carlos Cobos Torres,Cristian Fernando  Morocho Quishpi ', 'CARLOS REINALDO OLARTE GARCIA', 'F24F 110/22,F24F 110/52'),
(60, 'NC2024/0018012', 'Patente de Invención Nacional', 'SISTEMA DE TREN MOTOR PARA VEHICULO ELECTRICO DE TRANSPORTE DE CARGA', '2024-12-26', 'Publicada sin pago', 'Rosemberg ESPINEL FORERO', 'LIZBETH CALVO', 'B60P 1/00,B60P 1/64,B60P 3/00,B60P 9/00,B60L 7/26,B60T 8/1761'),
(61, 'NC2024/0018021', 'Patente de Invención Nacional', 'SISTEMA DE DIRECCION PARA VEHICULO ELECTRICO DE TRANSPORTE DE CARGA', '2024-12-26', 'Publicada sin pago', 'CARLOS MIGUEL MONTENEGRO PEREZ,Rosemberg Espinel Forero,JOHN FEDDY  TRAIANA VARGAS,JOSE ISAIAS MONTA', 'LIZBETH CALVO', 'B60P 1/00,B60P 1/64,B60P 3/00,B60P 9/00,B62D 1/04,B62D 1/183,G01B 5/00,G01B 5/08,G01M 17/06'),
(62, 'NC2024/0013495', 'Patente de Invención Nacional', 'TABLETA MULTIACTIVOS EN EL TRATAMIENTO Y CONTROL DE DOLOR SEVERO CRÓNICO Y MÉTODO DE PREPARACIÓN', '2024-10-03', 'Publicada sin pago', 'Cecilia Jannette MUÑOZ MARTINEZ,Marco Antonio ESPINOSA OLIVARES,Paola Yazmín OLLERVIDES RUBIO,José G', 'ALICIA LLOREDA RICAURTE', 'A61K 31/415,A61K 31/635,A61P 29/00'),
(63, 'NC2024/0013497', 'Patente de Invención Nacional', 'COMBINACIÓN DE CELECOXIB - ACETAMINOFÉN DE ESTABILIDAD MEJORADA Y PROCEDIMIENTO PARA SU PREPARACIÓN', '2024-10-03', 'Publicada sin pago', 'Cecilia Jannette MUÑOZ MARTINEZ,Marco Antonio ESPINOSA OLIVARES,Paola Yazmín OLLERVIDES RUBIO,José G', 'ALICIA LLOREDA RICAURTE', 'A61K 9/20,A61K 9/16,A61K 9/00,A61K 31/165'),
(64, 'NC2025/0002992', 'Patente de Invención Nacional', 'UNIDAD HIDRÁULICA MÓVIL PARA EXTRACCIÓN, INSERCIÓN Y DESPLAZAMIENTO DE TUBERÍAS Y/O HERRAMIENTAS EN POZOS DE PETRÓLEO Y SU MÉTODO DE ENSAMBLAJE PARA LA INTERVENCIÓN DE UN POZO', '2025-03-07', 'Publicada sin pago', 'IVAN JOYA ALVAREZ', 'GUILLERMO ANDRES NAVARRO ROMERO', 'E21B 19/084,E21B 19/02,B66D 1/44,B66D 1/58,E21B 19/08'),
(65, 'NC2024/0013829', 'Patente de Invención Nacional', 'SISTEMA DE CONFIGURACIÓN REMOTA PARA TELEREHABILITACIÓN', '2024-10-15', 'Publicada sin pago', 'ROBERTO FERRO ESCOBAR,LILIA EDITH   APARICIO PICO,PAULO CESAR  CORONADO SÁNCHEZ', 'JUAN CARLOS SERNA ROJAS', 'H04L 12/403,H04W 72/12,H04W 84/18,G01S 1/02,G01S 1/20,G01S 5/02,G01S 5/10'),
(66, 'NC2025/0001448', 'Patente de Invención Nacional', 'COMPUESTO LAMINADO PARA LA CONDUCCIÓN DE AGUAS', '2025-02-11', 'Publicada sin pago', 'JUAN PABLO ACEVEDO SUAREZ', 'RODRIGUEZ VARELA PEDRO HORACIO', 'E02D 17/20,E02D 29/02,E02D 31/02'),
(67, 'NC2024/0017615', 'Patente de Invención Nacional', 'DISPOSITIVO PORTÁTIL Y MODULAR DESTINADO AL APRENDIZAJE DE LOS FUNDAMENTOS Y LA LÓGICA MATEMÁTICA DE LA MÚSICA', '2024-12-20', 'Publicada sin pago', 'GUSTAVO ADOLFO  TORRES DUQUE', 'LUIS ANGEL MADRID BERROTERÁN', 'G09B 15/00,G09B 15/02,G09B 15/04,G10G 1/04,G10H 1/00,G10H 1/32'),
(68, 'NC2023/0013493', 'Patente de Invención Nacional', 'TOSTADOR Y FILTRADOR DE SUSTANCIAS EN GRANOS', '2023-10-12', 'Publicada sin pago', 'Gerson Freive Restrepo', 'Gerson Freive Restrepo', 'A23N 12/00,A47J 31/00'),
(69, 'NC2025/0003474', 'Patente de Invención Nacional', 'AUTOMATIZACIÓN PARA LA TRANSFORMACIÓN DE LA POSICIÓN DE ESCALÓN A PLATAFORMA O VICEVERSA EN ELEVADOR TIPO ESCALERA-PLATAFORMA', '2025-03-17', 'Publicada sin pago', 'GABRIEL STUMPF', 'CAROLINA VERA MATIZ', 'B41B 11/30,B41B 11/34,B41B 11/92,B65F 3/08,B65F 3/18'),
(70, 'NC2023/0013381', 'Patente de Invención Nacional', 'SISTEMA ELECTRÓNICO PARA LA IDENTIFICACIÓN DE LA FRECUENCIA DE CAMBIOS DE POSICIÓN Y PREVENCIÓN DE CAÍDAS', '2023-10-09', 'Publicada sin pago', 'PEDRO ANTONIO AYA PARRA,OLGA LUCIA CORTES FERREIRA,JEFFERSON STEVEN SARMIENTO ROJAS', 'XIMENA BETANCOURT DE CASTRO', 'G08B 1/02,G08B 25/10,A44C 5/00,A61B 5/00,A61B 5/021,A61B 5/11,G08B 21/02,G08B 21/04'),
(71, 'NC2024/0016702', 'Patente de Invención Nacional', 'COMPOSICIÓN ANTIMICROBIANA', '2024-12-04', 'Publicada sin pago', 'Denisse Adriana  Oñate Pérez,Rita Esther   García Pasiminio,Guillermo Andrés   Viecco Castillo', 'JUAN PABLO CADENA SARMIENTO', 'A01N 25/04,A01N 31/02,A01N 37/12,A61K 31/00,A61L 2/18,A01P 1/00,A23L 5/20'),
(72, 'NC2023/0013411', 'Patente de Invención Nacional', 'SISTEMA DE ENTREGA DE POLVO EXCIPIENTE', '2023-10-10', 'Publicada sin pago', 'Michael GULYAS,Dean HARRIS', 'MARGARITA CASTELLANOS ABONDANO', 'C09D 129/04,A61K 9/28,A61K 9/32,A61K 9/34,A61K 9/36,A61K 9/42,A61K 47/24,A61K 47/32,C08L 5/14,C08L 9'),
(73, 'NC2024/0017988', 'Patente de Invención Nacional', 'BIOFILTRO MODULAR DE FLUJO MIXTO PARA TRATAMIENTO DE AGUAS RESIDUALES CON MATERIAL VEGETAL DE DESHECHOS AGROINDUSTRIALES COMO LECHO FILTRANTE', '2024-12-26', 'Publicada sin pago', 'CINTYA KATHERINE OJEDA RIANOS,JORGE ANDRÉS PEREZ GAMBOA', 'LIZBETH CALVO', 'C02F 3/00,C02F 9/00,C02F 3/26,C02F 3/34'),
(74, 'NC2025/0003809', 'Patente de Invención Nacional', 'PROCESO DE FABRICACIÓN DE UN EMPAQUE ANULAR PARA CAJA DE EMPAQUETADURA EN BOMBAS RECIPROCANTES Y EMPAQUE PARA CAJA DE EMPAQUETADURA EN BOMBAS RECIPROCANTES', '2025-03-25', 'Publicada sin pago', 'JAIME EDUARDO CAICEDO VARGAS', 'DAVID JESUS MENDEZ VILLAMIZAR', 'B29C 41/36,B29C 44/16,B29C 49/52'),
(75, 'NC2024/0014231', 'Patente de Invención Nacional', 'MÉTODO DE MONITOREO Y ANÁLISIS DE IMÁGENES BIOMÉDICAS', '2024-10-18', 'Publicada sin pago', 'Orlando  Álvarez Llamoza,Carlos Armando  Echeverría Avendaño,Kay Andrés  Tucci Kellerer', 'CARLOS REINALDO OLARTE GARCIA', 'A61B 1/00,A61B 3/10,A61B 5/00,A61B 5/02,A61B 5/11,A61B 10/00,A61B 17/00,A61B 17/70'),
(76, 'NC2025/0004578', 'Patente de Invención Nacional', 'DISPOSITIVO DESMONTABLE PARA FACILITAR LARINGOSCOPIAS EN PACIENTES EDÉNTULOS CON PROTECCIÓN PARA REALIZAR PALANCA SOBRE LA ENCÍA', '2025-04-09', 'Publicada sin pago', 'JUAN ENRIQUE  ARANGO CADAVID', 'ANDRES MARQUEZ ACOSTA', 'A61B 17/94,A61B 17/28,A61B 17/34,A61B 90/60,A61B 50/00,A61B 90/16'),
(77, 'NC2024/0004838', 'Patente de Invención Nacional', 'MÉTODOS PARA MEJORAR LA ADSORCIÓN DE CONJUGADOS DE POLISACÁRIDO-PROTEÍNA Y FORMULACIÓN DE VACUNA MULTIVALENTE OBTENIDA DE LOS MISMOS', '2024-04-17', 'Publicada sin pago', 'Rajeev Mhalasakant DHERE,Swapan Kumar JANA,Cyrus Soli POONAWALLA ,Shital Shantilal JAIN ,Amol Dattat', 'CAROLINA MERCEDES DAZA MONTALVO', 'A61K 39/00,C08B 37/00,C12N 1/06,C12P 19/04'),
(78, 'NC2024/0010645', 'Patente de Invención Nacional', 'SISTEMA DE PAGO PARA PERMITIR EL PAGO DIVIDIDO Y MÉTODO PARA REALIZAR EL PAGO DIVIDIDO DEL MISMO', '2024-08-02', 'Publicada sin pago', 'Hyung Woo KIM', 'LUZ HELENA ADARVE GOMEZ', 'G06Q 20/00,G06Q 20/04'),
(79, 'NC2023/0014630', 'Patente de Invención Nacional', 'PROCESO DE INYECCIÓN DE AIRE Y AGUA ALTERNADA POR UN MISMO POZO INYECTOR EN YACIMIENTOS PROFUNDOS DE CRUDO EXTRA-PESADO CON GAS EN SOLUCIÓN', '2023-10-27', 'Publicada sin pago', 'CARLOS EDUARDO NARANJO SUAREZ,EDWIN RODRIGUEZ PAREDES,JUAN CARLOS COMAS GOMEZ,MARTA LILIANA TRUJILLO', 'LUZ MARA HERRERA HERRERA', 'E21B 43/00,E21B 43/24,E21B 43/243,E21B 43/16'),
(80, 'NC2023/0013931', 'Patente de Invención Nacional', 'REACTOR FUNGIBLE PARA EL PROCESAMIENTO DE BATERÍAS', '2023-10-20', 'Publicada sin pago', 'Pedro Luis  Delvasto Angarita,Diego  Pérez Acevedo,Jhon Freddy  Palacios ,Diego Fernando  Hernández ', 'CARLOS REINALDO OLARTE GARCIA', 'H01M 6/52'),
(81, 'NC2024/0014183', 'Patente de Invención Nacional', 'DISPOSITIVO PARA SEPARAR CABEZAS DE PESCADO EN BLOQUES CONGELADOS, A TRAVÉS DEL USO DE MARTILLOS TIPO COMBA', '2024-10-28', 'Publicada sin pago', 'Mario Ricardo  Arbulú Saavedra,OSCAR EDUARDO CHAVARRO ARIAS,David  Saavedra Mora', 'OSCAR EDUARDO CHAVARRO ARIAS', 'A22C 25/04,A22C 25/08,A22C 25/14'),
(82, 'NC2024/0018017', 'Patente de Invención Nacional', 'SISTEMA DE SUSPENSION ANTERIOR PARA UN VEHÍCULO ELECTRICO DE TRANSPORTE DE CARGA', '2024-12-26', 'Publicada sin pago', 'Rosemberg ESPINEL FORERO,JOHN FEDDY  TRAIANA VARGAS,Carlos Montenegro,ROBERTO IREGUI,Andrés Felipe R', 'LIZBETH CALVO', 'B60G 5/00,B60G 21/00,B60G 11/23'),
(83, 'NC2023/0014164', 'Patente de Invención Nacional', 'VOLANTE MULTIPLICADOR DE TORQUE', '2023-10-23', 'Publicada sin pago', 'TEODICELO GOMEZ PUENTES', 'TEODICELO GOMEZ PUENTES', 'F03G 3/00,F03G 3/06,F03G 7/08'),
(84, 'NC2023/0015148', 'Patente de Invención Nacional', 'METODO PARA LA PRODUCCION DE OXIDO DE GRAFENO REDUCIDO (RGO) DE ALTA CALIDAD', '2023-11-07', 'Publicada sin pago', 'LINA MARCELA HOYOS PALACIO,AURA SOFIA MERLANO MANOTAS', 'JULIAN  ESCUDERO CORREA', 'C09K 8/03,B82Y 30/00,B82Y 40/00,H01M 4/133,C01B 32/184,C01B 32/19,B01D 1/18,C09K 3/00,B01J 19/10'),
(85, 'NC2021/0013220', 'Patente de Invención Nacional', 'MÉTODO PARA LA DETECCIÓN Y CUANTIFICACIÓN DE BACTERIAS OXIDADORAS DE SULFURO MEDIANTE GEN MARCADOR ESPECIFICO', '2021-09-30', 'Publicada sin pago', 'Bladimiro RINCÓN OROZCO,Jhorman Alexis Niño Gomez,Ronald Jaimes Prada,SARA MARCELA URIBE OCHOA', 'LUZ MARA HERRERA HERRERA', 'G01N 33/00'),
(86, 'NC2023/0015150', 'Patente de Invención Nacional', 'SISTEMA PARA EL MONITOREO DEL TRÁNSITO VEHICULAR, EL CONTROL Y EL  AUMENTO DE LA SEGURIDAD DE LOS ACTORES VIALES.', '2023-11-08', 'Publicada sin pago', 'ISAIAS  LANS VARGAS,JUAN CARLOS  LONDOÑO TASCON,DIANA MARCELA  TRIANA MALDONADO,MAURICIO ANDRES VILL', 'JUAN CARLOS TORRES IBARRA', 'G08G 1/00'),
(87, 'NC2023/0015157', 'Patente de Invención Nacional', 'FILTRO DE MATERIAL PARTICULADO', '2023-11-08', 'Publicada sin pago', 'MARIA CLARA RESTREPO RESTREPO,MARLON ANDRÉS OSORIO DELGADO,Melissa Paola Cortes Gomez,Cristina Isabe', 'CARLOS REINALDO OLARTE GARCIA', 'B03C 3/30,B03C 3/64,A62B 23/02,B32B 5/26,A41D 13/11,A41D 27/00,A41D 31/02,A41D 31/04'),
(88, 'NC2023/0015103', 'Patente de Invención Nacional', 'MÉTODO PARA MONITOREO DE CUERPOS DE AGUA MEDIANTE CAPTACIÓN DE MUESTRAS CON DRONES PROGRAMABLES Y TELEDETECCIÓN MULTIESPECTRAL', '2023-11-08', 'Publicada sin pago', 'JOSE ALEJANDRO OTERO NORIEGA,JULIO GONZALEZ BASTARDO,Alejandro Peinado Borelly,maiker rojas castro,A', 'JOSE ALEJANDRO OTERO NORIEGA', 'B64C 39/02,B64D 47/08,G01N 1/04,G01N 1/12,B64D 1/22,B64D 7/00,B64D 47/00,B65D 25/00,B65D 25/40,B65D '),
(89, 'NC2025/0000797', 'Patente de Invención Nacional', 'APARATO DIGESTOR ELECTRO MECANICO Y PROCEDIMIENTO QUIMICO PARA DISOLVER CADÁVERES DE ANIMALES Y HUMANOS POR METODO DE HIDROLISIS ALCALINA DE BAJA TEMPERATURA.', '2025-03-05', 'Publicada sin pago', 'YAMID LEONARDO MAZO BONILLA', 'YAMID LEONARDO MAZO BONILLA', 'G21F 9/28,G21F 9/32'),
(90, 'NC2023/0015283', 'Patente de Invención Nacional', 'PROCESO MEJORADO DE EXTRACCIÓN Y PURIFICACIÓN DE CANNABINOIDES UTILIZANDO EXTRACCIÓN A CONTRACORRIENTE CON SOLVENTES BIODERIVADOS Y DESTILACIÓN REACTIVA SIMULTÁNEA PARA LA FABRICACIÓN DE INGREDIENTES FITOFARMACÉUTICOS DE CANNABIS', '2023-11-14', 'Publicada sin pago', 'Miguel Augusto Santaella Serrano', 'JUAN PABLO  SANTAELLA MOGOLLON', 'B01D 3/00,B01D 11/00,B01D 11/02,B01D 11/04,B01D 21/00,B01D 53/14'),
(91, 'NC2023/0015261', 'Patente de Invención Nacional', 'BASTÓN SATELITAL PARA INVIDENTES CON MEDIO TACTIL ALÁRMICO', '2023-11-10', 'Publicada sin pago', 'Rosita Brilly  Ángel Reitsch', 'HELENA CAMARGO WILLIAMSON', 'A45B 3/00,G08B 13/24,G08B 21/02,G08B 21/24,G08B 26/00,A61H 3/06'),
(92, 'NC2025/0005948', 'Patente de Invención Nacional', 'SISTEMA DE EMPAQUES ANULARES PARA PRENSAESTOPAS PARA POZOS', '2025-05-08', 'Publicada sin pago', 'JAIME EDUARDO CAICEDO VARGAS', 'DAVID JESUS MENDEZ VILLAMIZAR', 'E21B 33/129,E21B 43/20,E21B 12/00,E21B 33/03,E21B 33/12,E21B 33/126'),
(93, 'NC2025/0004749', 'Patente de Invención Nacional', 'SANITARIO ECOLOGICO CON ATMOSFERA NEGATIVA Y VACIO DE BAJO CONSUMO DE AGUA CON Y SIN DISPENSADOR DE CHORRO DE AGUA PARA ASEO PERSONAL PARA CONSTRUCCIONES AUTOSOSTENIBLES Y SUSTENTABLES', '2025-04-15', 'Publicada sin pago', 'PABLO POCH FIGUEROA', 'PABLO POCH FIGUEROA', 'E03D 5/014,E03D 11/14,E03D 11/00,E03D 5/00,E03D 5/012'),
(94, 'NC2023/0015425', 'Patente de Invención Nacional', 'ASPERSOR DE MOCHILA CON MECANISMO DE FUELLE', '2023-11-15', 'Publicada sin pago', 'ALIDA MARIA  FLEURY BELLANDI', 'JUAN CARLOS CUESTA QUINTERO', 'A01M 9/00,A01G 25/14,B05B 3/00'),
(95, 'NC2024/0015365', 'Patente de Invención Nacional', 'SILLA DE SOL CON SISTEMA DE ASPERSION Y POSICIONAMIENTO VARIABLE', '2024-11-12', 'Publicada sin pago', 'ANA MARÍA RENGIFO LÓPEZ,juan carlos rengifo lopez', 'JUAN DAVID BURITICA MORA', 'A47C 3/025,A47C 7/72,B60N 2/10,A47C 1/024,A47C 1/025,A47C 1/14,A47C 3/02,A47C 3/027,A47D 13/10'),
(96, 'NC2025/0005671', 'Patente de Invención Nacional', 'BOTÓN DE TIMBRE INALÁMBRICO AUTOALIMENTADO PARA VEHÍCULOS DE TRANSPORTE DE PASAJEROS', '2025-05-02', 'Publicada sin pago', 'PAULO FABIANO GATELLI', 'JESUS MARIA MENDEZ BERMUDEZ', 'H01H 13/52'),
(97, 'NC2024/0015769', 'Patente de Invención Nacional', 'SISTEMA MODULAR DE AHORRO ENERGÉTICO PARA REFRIGERACIÓN MEDIANTE LA INTEGRACIÓN DE REFRIGERACIÓN ACTIVA Y PASIVA', '2024-11-20', 'Publicada sin pago', 'ISABEL PULIDO,Helmer Ricardo Cogua Barrera,Diana Paola Camacho Sarmiento', 'CARLOS REINALDO OLARTE GARCIA', 'F25D 3/00,F28D 20/02,F25D 31/00,B01L 1/02,B01L 7/00,C12M 1/00,F24F 5/00'),
(98, 'NC2024/0015737', 'Patente de Invención Nacional', 'SISTEMA Y MÉTODO AUTOMATIZADO PARA TAMIZAR MUESTRAS DE SUELOS ', '2024-11-20', 'Publicada sin pago', 'MARIO ARBULÚ SAAVEDRA,David  Saavedra Mora,LISED GUACA CRUZ,DANIEL ANDRES URREGO ARDILA,EMILIANO GUA', 'OSCAR EDUARDO CHAVARRO ARIAS', 'B07B 1/00,B07B 1/15,B07B 1/46'),
(99, 'NC2024/0006362', 'Patente de Invención Nacional', 'DISPOSITIVO DE AGARRE SUB-ACTUADO DE POSICIONES AJUSTABLES PARA PRÓTESIS MIOELÉCTRICAS', '2024-05-20', 'Publicada sin pago', 'Sofía Catalina Henao Aguirre,Simon Cuartas Escobar,Daniel Escobar Saltarén,Ana María Posada Borrero,', 'JOSE ANDRES RINCON USCATEGUI', 'A01K 83/04,A61C 13/28,A61F 2/78'),
(100, 'NC2025/0005113', 'Patente de Invención Nacional', 'SISTEMA Y MÉTODO PARA LA ESTIMACIÓN Y GESTIÓN DE INCERTIDUMBRE EN RESULTADOS DE ANÁLISIS DE LABORATORIO', '2025-04-24', 'Publicada sin pago', 'Frank David  Gómez Pinto,Fernando  Jaimes Carreño', 'JOSE ANDRES RINCON USCATEGUI', 'G06F 17/15,G06F 11/34,G06F 17/18,G06F 17/40'),
(101, 'NC2025/0005126', 'Patente de Invención Nacional', 'MAQUINA Y PROCESO PARA RASURADO DE PIEL ANIMAL ', '2025-04-24', 'Publicada sin pago', 'OLGA PRAXCEDIS PRIETO MARIN', 'OLGA PRAXCEDIS PRIETO MARIN', 'C14B 1/18,C14B 17/06,C14B 5/00,C14B 17/00,C14B 17/04,C14B 1/28,C14B 1/00,C14B 15/06,C14B 1/40'),
(102, 'NC2023/0015737', 'Patente de Invención Nacional', 'ASADOR PLEGABLE Y TRANSPORTABLE.', '2023-11-21', 'Publicada sin pago', 'DANIEL JACOBO  URREGO ECHEVERRI ', 'Nicolas Duque Martínez', 'A47J 37/00'),
(103, 'NC2023/0016146', 'Patente de Invención Nacional', 'ANILLO DE FIJACIÓN DE RODAMIENTO PARA MÁQUINAS ROTATIVAS ELÉCTRICAS Y MÁQUINA ROTATIVA ELÉCTRICA', '2023-11-29', 'Publicada sin pago', 'JONATAS FRAGA ROCHA,VANDO VANDERLEI ADAMI', 'JOSE ANDRES RINCON USCATEGUI', 'H02K 5/124,H02K 5/18'),
(104, 'NC2023/0016163', 'Patente de Invención Nacional', 'EMULSIÓN EN AGUA QUE CONTIENE ABAMECTINA Y FOSTIAZATO Y MÉTODO DE PREPARACIÓN DE LA MISMA', '2023-11-29', 'Publicada sin pago', 'Zhiqing LI,Jianwei WANG,Baochen ZHAO,Dong Li', 'JUAN CARLOS CUESTA QUINTERO', 'A61K 8/06,A61K 9/00,A61K 31/00,A61K 39/00'),
(105, 'NC2023/0017031', 'Patente de Invención Nacional', 'TEXTIL ELECTRÓNICO', '2023-12-06', 'Publicada sin pago', 'MARIA CLARA RESTREPO RESTREPO,José Valentín Antonio  Restrepo Laverde,Cristina Isabel  Castro Herazo', 'CARLOS REINALDO OLARTE GARCIA', 'H03K 17/00,G06F 13/00'),
(106, 'NC2023/0016899', 'Patente de Invención Nacional', 'APARATO Y MÉTODO PARA REGISTRAR UNA UBICACIÓN DE ALMACENAMIENTO POR TAMAÑO PARA TUBÉRCULOS COSECHADOS', '2023-12-05', 'Publicada sin pago', 'Ighodaro  Emwinghare ,Colton  Campbell ,Ahmad Ali FALAH AL-MALLAHI', 'CAROLINA MERCEDES DAZA MONTALVO', 'G06T 7/30,G06T 1/00,G06T 1/60'),
(107, 'NC2025/0007077', 'Patente de Invención Nacional', 'INSTALACIÓN CIVIL PARA EL MEJORAMIENTO DEL SISTEMA DE IMPERMEABILIZACIÓN EN PLACAS DE CONCRETO EN CONTACTO CON TUBERÍAS Y EL MÉTODO DE CONSTRUCCIÓN DE DICHA INSTALACIÓN CIVIL', '2025-05-28', 'Publicada sin pago', 'DIANA MARYORI GUEVARA LOZADA,CRISTIAN ALEXANDER GUEVARA CADAVID', 'LUIS EDUARDO QUINTERO VARGAS', 'F16L 1/038,F16L 58/16,F16L 33/22,F16L 11/04,F16L 41/10,F16L 55/053'),
(108, 'NC2025/0004353', 'Patente de Invención Nacional', 'SISTEMA INTEGRAL DE SEGURIDAD, VIGILANCIA Y ENTREGA AÉREA BASADA EN DRONES CON SENSORES INTELIGENTES DE RESPUESTA ADAPTATIVA', '2025-05-02', 'Publicada sin pago', 'Eder Vargas Puerto', 'Eder Vargas Puerto', 'B03C 3/04,B03C 3/41,B03C 3/47,B03C 3/66,B64C 39/02,B64D 27/24,B64D 47/00,G06T 7/90'),
(109, 'NC2024/0016659', 'Patente de Invención Nacional', 'PREPARACIÓN IN SITU DE UN NANOCOMPOSITO DE PUNTOS CUÁNTICOS SENSIBLE A METALES PESADOS Y DISPOSITIVO PORTÁTIL PARA LA DETERMINACIÓN DE METALES PESADOS QUE COMPRENDE DICHO NANOCOMPOSITO', '2024-12-03', 'Publicada sin pago', 'Daniel Alexander  Velazco Capacho,CRISTIAN BLANCO TIRADO,CARLOS LIZARDO CORZO RUIZ,Jhonny Mauricio C', 'CARLOS REINALDO OLARTE GARCIA', 'G06F 3/00,C09K 11/00,C12Q 1/6841'),
(110, 'NC2025/0007076', 'Patente de Invención Nacional', 'KIT DE CONEXIÓN DE BARRAS DE SECCIÓN CILÍNDRICA PARA LA CONSTRUCCIÓN DE ESTRUCTURAS RETICULADAS', '2025-05-28', 'Publicada sin pago', 'MANUEL FERNANDO  MARTÍNEZ FORERO', 'EDWIN CICERY VEGA', 'E04B 1/58,E04C 2/16,E04C 3/12,F16B 7/04,E04B 1/26,F16B 7/00,F16B 7/18,F16C 11/04'),
(111, 'NC2024/0013377', 'Patente de Invención Nacional', 'TANQUE DOBLE PARED DESMONTABLE DE BASE CUADRANGULAR ', '2024-09-30', 'Publicada sin pago', 'DANIEL SANTIAGO BETANCOURT HUERFANO', 'DANIEL SANTIAGO BETANCOURT HUERFANO', 'B29C 44/34'),
(112, 'NC2023/0016703', 'Patente de Invención Nacional', 'SISTEMA DE ALCALINIZACIÓN POR ELECTROQUÍMICA PARA REMOCIÓN DE CATIONES DUROS POR MINERALIZACIÓN DE CO2 DE AGUAS DE LA INDUSTRIA DE PETRÓLEO Y GAS', '2023-11-30', 'Publicada sin pago', 'JOSÉ ARISTÓBULO SARMIENTO CHAPARRO,GLORIA ISABEL DUARTE POVEDA,EDGAR FERNANDO CASTILLO MONROY,Dalje ', 'LUZ MARA HERRERA HERRERA', 'C02F 1/00,C02F 1/28,C02F 1/46,C02F 1/461,C02F 9/00'),
(113, 'NC2023/0016709', 'Patente de Invención Nacional', 'MÉTODO ELECTROQUÍMICO DE REMOCIÓN DE CATIONES DUROS ACOPLADO A DESCARBONIZACIÓN, CON APLICACIÓN AL SUAVIZADO DE AGUAS DE INYECCIÓN EN LA INDUSTRIA DE PETRÓLEO Y GAS NATURAL', '2023-11-30', 'Publicada sin pago', 'DANIEL ALEJANDRO PATROUILLEAU QUINTANA,Carlos Alberto Echeverry Gonzalez,CAMILO ENRIQUE LA ROTTA HER', 'LUZ MARA HERRERA HERRERA', 'C23G 5/00'),
(114, 'NC2023/0016657', 'Patente de Invención Nacional', 'MÉTODO DE PRODUCCIÓN DE BIOCERA CON ALTO CONTENIDO DE ÉSTERES CEROSOS', '2023-11-30', 'Publicada sin pago', 'LAURA LILIANA GARZÓN FUENTES,Giovanny Arnulfo  Olarte Suarez,ANDRES FERNANDO RAMIREZ QUINTERO,DEBORA', 'LUZ MARA HERRERA HERRERA', 'C10G 3/00,C10G 45/58,C07C 1/00'),
(115, 'NC2023/0016853', 'Patente de Invención Nacional', 'MARCO DE TRANSICIÓN DE BARRERA', '2023-12-04', 'Publicada sin pago', 'Benjamin Fraser Powell,William Price Longstreet,Dean Clinton Alberson', 'CARLOS REINALDO OLARTE GARCIA', 'E01F 9/669,E01F 13/00,E01F 13/10,E01F 15/00,E01F 15/02'),
(116, 'NC2023/0017271', 'Patente de Invención Nacional', 'SISTEMA DE PREPARACIÓN Y FILTRADO DE INFUSIONES QUE COMPRENDE UN MÓDULO CONTENEDOR Y UN MÓDULO DE FILTRADO Y CIERRE INTEGRADOS', '2023-12-13', 'Publicada sin pago', 'LUIS FERNANDO VELEZ ZULUAGA,HUGO ANDRES LOPEZ ,VICENTE DE JESÚS FRANCO BAYONA', 'HUGO ANDRES LOPEZ ', 'A47G 19/14,A23L 2/00,A47J 31/06,A47J 31/42,A47J 31/44'),
(117, 'NC2025/0005847', 'Patente de Invención Nacional', 'SNACKS DE FRUTA LIOFILIZADA Y PROCESO DE FABRICACIÓN', '2025-05-06', 'Publicada sin pago', 'Juan Pablo Ortiz Rosas,Juan Carlos Quitian Romero,ALBA LORENA  BENAVIDES SIERRA', 'HUGO DANIEL   GONZALEZ HERNANDEZ', 'A23L 35/00,A23L 27/12,A23L 19/00'),
(118, 'NC2025/0006456', 'Patente de Invención Nacional', 'DISPOSITIVO DE TRATAMIENTO Y RECIRCULACION DE AGUA EN SANITARIOS Y SU METODO DE CONTROL', '2025-05-19', 'Publicada sin pago', 'ethan steven ramirez betancur', 'ethan steven ramirez betancur', 'C02F 1/00,C02F 3/00,C02F 1/28,C02F 3/34'),
(119, 'NC2025/0005079', 'Patente de Invención Nacional', 'HERRAMIENTA DE CORTE DE EMERGENCIA DE CABLE ESP APLICABLE EN EXTRACCIÓN DE HIDROCARBUROS POR MEDIO DE BOMBEO ELECTRO SUMERGIBLE', '2025-04-23', 'Publicada sin pago', 'Julian David  Saavedra Lozano ', 'SANDRA MILENA RODRIGUEZ SARMIENTO', 'E21B 7/15,E21B 43/112,E21B 43/00,E21B 15/02,E21B 19/09,E21B 3/02'),
(120, 'NC2023/0017351', 'Patente de Invención Nacional', 'SISTEMA DE ASISTENCIA PARA LA CONDUCCIÓN Y MONITOREO ESPACIAL DEL ENTORNO PARA VEHÍCULO', '2023-12-14', 'Publicada sin pago', 'PEDRO JULIÁN  GARCÍA GUARÍN ,José Antonio BORRAEZ CASTRO,Juan Diego MÉNDEZ TACHE,Rossemberg ESPINEL,', 'LIZBETH CALVO', 'B60W 50/00,B60W 30/08,H04M 1/725,H04W 48/04,H04L 12/40'),
(121, 'NC2023/0017357', 'Patente de Invención Nacional', 'DISPOSITIVO PARA EL APRENDIZAJE DEL SISTEMA BRAILLE MEDIANTE EL USO DE ONDAS DE ULTRASONIDO', '2023-12-14', 'Publicada sin pago', 'Juan Esteban MERCHÁN BALAGUERA,Álvaro FERNÁNDEZ ACEVEDO', 'LIZBETH CALVO', 'G06F 3/01,G06T 7/40,G06T 19/00,G06F 3/042'),
(122, 'NC2025/0007623', 'Patente de Invención Nacional', 'INFILTROMETRO DE FLOTADOR EN SATURACIÓN ', '2025-06-09', 'Publicada sin pago', 'Cristian Angarita Parra', 'Cristian Angarita Parra', 'E02B 11/00,G01N 15/08,G01N 33/24'),
(123, 'NC2025/0007653', 'Patente de Invención Nacional', 'DISPOSITIVO DE CONTROL DE CONDICIONES Y PARAMETROS EN UNA INCUBADORA POR MEDIO DE COMUNICACIÓN INALAMBRICA', '2025-06-10', 'Publicada sin pago', 'PEDRO ANTONIO AYA PARRA,JEFFERSON STEVEN SARMIENTO ROJAS,Viviana Rodriguez Torres,Nidia Patricia Cór', 'CLAUDIA LUCIA CARO RAMIREZ', 'G05B 19/048,G05D 23/20,A61G 11/00,G01D 21/02'),
(124, 'NC2025/0001509', 'Patente de Invención Nacional', 'SISTEMA INCINERADOR DE DESECHOS CON TRATAMIENTO DE GASES RESIDUALES PARA ELIMINACIÓN DE DIÓXIDO DE CARBONO', '2025-02-12', 'Publicada sin pago', 'LUIS ANGEL CASTRILLON ARDILA', 'FERNANDO TRIANA SOTO', 'B01D 46/34,B01D 46/50,B01D 47/04'),
(125, 'NC2025/0004474', 'Patente de Invención Nacional', 'MUEBLE TRANSPORTABLE RECOLECTOR DE BOTELLAS', '2025-04-07', 'Publicada sin pago', 'MARIO ERNESTO PEREZ GUTIERREZ', 'CARLOS FERNANDO TAMAYO LOPEZ', 'B65D 77/12,B65D 90/00,B65D 88/60,B65D 88/12,B65D 5/496'),
(126, 'NC2024/0008059', 'Patente de Invención Nacional', 'DISPOSITIVO DE EXTRACCIÓN DE AIRE EN CONTENEDORES  ', '0000-00-00', 'Publicada sin pago', 'ELIZABETH RENDON VELEZ,DAVID  RIOS ZAPATA,Paola Andrea Vallejo Correa,Santiago Ruiz Arenas', 'MARIA PAULA PÉREZ GÓMEZ', 'B65F 1/06,B65F 1/08,B65D 25/14'),
(127, 'NC2023/0018155', 'Patente de Invención Nacional', 'BIOESTIMULANTE VEGETAL A BASE DE CONCENTRADO DE MUCÍLAGO DE CAFÉ', '0000-00-00', 'Publicada sin pago', 'ANDRES RAMIREZ VELEZ,JUAN CARLOS JARAMILLO LOPEZ', 'Andrés  Córdoba', 'A23F 5/00,A23F 5/02,A23F 5/10,A23F 5/24,A23F 5/46'),
(128, 'NC2023/0017893', 'Patente de Invención Nacional', 'APARATO PARA LA PRODUCCIÓN DE FILAMENTOS', '0000-00-00', 'Publicada sin pago', 'Stephan Gerharz', 'ADRIANA PAOLA PEÑARANDA URBINA', 'B29C 48/30,D01D 4/02,D01D 4/06,D01D 1/00,D01D 5/00'),
(129, 'NC2024/0017757', 'Patente de Invención Nacional', 'COMPOSICIÓN FARMACÉUTICA SINÉRGICA Y ESTABLE DE UN AINE Y UN ANALGÉSICO OPIOIDE PARA EL DOLOR E INFLAMACIÓN', '0000-00-00', 'Publicada sin pago', 'Jorge Alejandro GONZÁLEZ CANUDAS,Cecilia Jannette MUÑOZ MARTINEZ,Marco Antonio ESPINOSA OLIVARES,Pao', 'ALICIA LLOREDA RICAURTE', 'A61K 9/00,A61K 9/14,A61K 9/20,A61K 9/48,A61K 31/135,A61K 31/137,A61K 31/444'),
(130, 'NC2024/0017538', 'Patente de Invención Nacional', 'MÉTODO PARA PRODUCIR METABOLITOS PROTEICOS PEGILADOS CON ACTIVIDAD ANTIVIRAL,  ANTIBACTERIANA Y REPARADORA DE LA ESTRUCTURA INTESTINAL, A PARTIR DE UN CULTIVO BACTERIANO DE BIFIDOBACTERIUM ADOLESCENTIS', '0000-00-00', 'Publicada sin pago', 'María José  Hernández Zuluaga ,María Belén  Cabrera Castro,Nury Nathalia  Olaya Galán,Geimnir Yazmin', 'JOSE ANDRES RINCON USCATEGUI', 'C12N 1/00,C12N 1/20,C12N 15/00,C12N 9/00,C12N 5/00'),
(131, 'NC2024/0017676', 'Patente de Invención Nacional', 'PROTEÍNA HÍBRIDA PARA EL DIAGNÓSTICO MOLECULAR DE ALERGIA INDUCIDA POR ÁCAROS DOMÉSTICOS', '0000-00-00', 'Publicada sin pago', 'LUIS  CARABALLO,LEONARDO  PUERTA LLERENA,DALGYS  MARTÍNEZ DE LA OSSA', 'CARLOS REINALDO OLARTE GARCIA', 'C07K 14/435,A61K 39/35,C07K 5/00,A61K 35/38,A61K 39/00,A61K 39/39'),
(132, 'NC2025/0006900', 'Patente de Invención Nacional', 'SISTEMA DE UN SEÑALIZADOR LUMINOSO PORTABLE CONTROLADO POR MEDIO DE DISTINTOS CONTROLES A TRAVÉS DE UN MÉTODO Y PROCEDIMIENTO PARA USUARIOS DE BICICLETA, MOTO, PATINETA ELÉCTRICA, SILLA DE RUEDAS O EN CUALQUIER OTRO MEDIO DE MOVILIDAD TERRESTRE QUE UTILICE', '0000-00-00', 'Publicada sin pago', 'Jonathan Alexander Nieves Suarez', 'Jonathan Alexander Nieves Suarez', 'F21S 10/06,F21L 4/00,F21V 23/00,F21V 23/04,A41D 13/01,F21V 21/088,F21V 33/00,G07C 5/08,H04M 1/72454,'),
(133, 'NC2023/0018430', 'Patente de Invención Nacional', 'COMPOSICIÓN DE MICROEMULSIÓN DE DINOTEFURAN, SU PROCESO DE PREPARACIÓN Y USO', '0000-00-00', 'Publicada sin pago', 'RAFAELA CRISTINA  FEITOSA CORSI ,Natália GONÇALVES,JOÃO PAULO  ALEIXO ,Felipe Augusto SOARES DA SILV', 'CAROLINA MERCEDES DAZA MONTALVO', 'A01N 43/40,A01N 51/00,A01P 7/04'),
(134, 'NC2025/0006021', 'Patente de Invención Nacional', 'UTENSILIO DE COCCIÓN PARA UN APARATO DE PREPARACIÓN DE ALIMENTOS', '0000-00-00', 'Publicada sin pago', 'Marie  DUSSART,Gautier FRADET,Johann PETITALLOT,Guillaume PRIETO,Frédéric SEURAT', 'INES CONSUELO BENJUMEA RENDON', 'A21B 2/00,A21B 5/00,A21B 5/02,A47J 27/00'),
(135, 'NC2025/0006019', 'Patente de Invención Nacional', 'APARATO PARA LA PREPARACIÓN DE ALIMENTOS QUE COMPRENDE UNA CARCASA Y UN UTENSILIO DE COCCIÓN EXTRAÍBLE', '0000-00-00', 'Publicada sin pago', 'Bernard ALLEMAND,Marie  DUSSART,Gautier FRADET,Johann PETITALLOT,Guillaume PRIETO,Frédéric SEURAT', 'INES CONSUELO BENJUMEA RENDON', 'A47J 36/12,A47J 31/44,A47J 43/07'),
(136, 'NC2023/0017721', 'Patente de Invención Nacional', 'MÉTODO DE OBTENCIÓN DE DATOS DE PREDICCIÓN DE RIESGO DE ENFERMEDAD METABÓLICA', '0000-00-00', 'Publicada sin pago', 'Bernadette Francisca KLOTZ CEBERIO,Diana Harleidy  VARGAS TRUJILLO,Narmer Fernando  GALEANO VANEGAS ', 'CARLOS REINALDO OLARTE GARCIA', 'G16B 40/20,G16B 50/10,G16H 20/60,G16H 50/20,H01L 27/32,G06F 1/00,G16H 50/30'),
(137, 'NC2023/0018200', 'Patente de Invención Nacional', 'BEBIDA LÁCTEA FERMENTADA PARA EL RENDIMIENTO MENTAL Y MÉTODO DE OBTENCIÓN', '0000-00-00', 'Publicada sin pago', 'Bernadette Francisca KLOTZ CEBERIO,Mary Luz Cano Sepúlveda', 'CARLOS REINALDO OLARTE GARCIA', 'C12N 1/20,A23L 2/52,C12R 1/125'),
(138, 'NC2024/0017930', 'Patente de Invención Nacional', 'PROCEDIMIENTO PARA LA PRODUCCIÓN DE POLIHIDROXIBUTIRATO (PHB) A PARTIR DE RESIDUOS DEL BENEFICIO DE CAFÉ', '0000-00-00', 'Publicada sin pago', 'HOWARD DIEGO  RAMÍREZ MALULE,DAVID ANDRÉS     GÓMEZ RÍOS    ,GUSTAVO ANDRÉS   SANJUAN VANEGAS,MARÍA ', 'FELIPE EDUARDO  FIGUEROA CARDOZO', 'C12P 1/04,C12P 7/02,C12P 7/42'),
(139, 'NC2023/0018742', 'Patente de Invención Nacional', 'PROCESO DE PURIFICACIÓN DE MACROMOLÉCULAS CON ETAPAS DE PRECIPITACIÓN SELECTIVA, CONCENTRACIÓN Y DIÁLISIS COMBINADAS EN CONDICIONES CONSTANTES DE ESTABILIDAD CON EL CUAL SE OBTIENEN FORMULACIONES ESTABLES Y DE ALTA PUREZA', '2023-12-29', 'Publicada sin pago', 'SERGIO ANDRÉS PULIDO MUÑOZ,LUIS RAFAEL DELGADO LEON,MARIA FERNANDA FLOREZ GONZALEZ,LINA MARIA ESCOBA', 'MONICA MARCELA LOZANO GUZMAN', 'B01D 11/02,B01D 11/04,B01D 17/02,B01D 17/04,B01D 21/00,B01D 53/00,B01D 53/14'),
(140, 'NC2023/0018740', 'Patente de Invención Nacional', 'SISTEMA DE SEPARACIÓN DE COMPONENTES PLASMÁTICOS POR DESCONGELAMIENTO CONTROLADO MEDIANTE UNOS MECANISMOS INTEGRADOS DE TRANSFERENCIA TÉRMICA CONTROLADA Y SEDIMENTACIÓN ACELERADA EN UNOS MEDIOS CONTINUOS', '2023-12-29', 'Publicada sin pago', 'SERGIO ANDRÉS PULIDO MUÑOZ,LUIS RAFAEL DELGADO LEON,GUILLERMO JAVIER VILÁ ORTIZ', 'MONICA MARCELA LOZANO GUZMAN', 'A61B 5/00'),
(141, 'NC2023/0018741', 'Patente de Invención Nacional', 'SISTEMA DE SEPARACIÓN ESPONTÁNEA Y/O INDUCIDA LÍQUIDO-LÍQUIDO PARA OBTENCIÓN DE SOLUCIONES ENRIQUECIDAS EN PROTEÍNAS TERMOESTABLES ACTIVAS', '2023-12-29', 'Publicada sin pago', 'SERGIO ANDRÉS PULIDO MUÑOZ,LUIS RAFAEL DELGADO LEON,MARIA FERNANDA FLOREZ GONZALEZ,LINA MARIA ESCOBA', 'MONICA MARCELA LOZANO GUZMAN', 'B01D 11/02,B01D 11/04,B01D 15/00,B01D 15/08,B01D 17/02,B01D 17/04,B01D 19/00,B01D 53/00,B01D 53/14'),
(142, 'NC2025/0004761', 'Patente de Invención Nacional', 'ELECTROCOAGULACIÓN FRACCIONADA PARA TRATAR AGUAS RESIDUALES Y PRODUCIR LODOS CON ALTO CONTENIDO DE MATERIA ORGÁNICA', '2025-04-15', 'Publicada sin pago', 'JUAN JOSE LOZADA CASTRO', 'JUAN JOSE LOZADA CASTRO', 'C02F 1/463,C02F 11/16,C02F 11/04,C02F 11/00,C02F 9/00,C02F 3/00,C02F 3/16,C02F 3/30'),
(143, 'NC2025/0004326', 'Patente de Invención Nacional', 'GRANADA AEREA DE DESPLIEGUE CONTROLADO', '2025-04-02', 'Publicada sin pago', 'Julián Ándres Pérez Tejedor', 'GUILLERMO ANDRES NAVARRO ROMERO', 'F41H 11/02,F42B 12/60'),
(144, 'NC2024/0008910', 'Patente de Invención Nacional', 'BOLSA DE PLÁSTICO', '2024-07-04', 'Publicada sin pago', 'Georg DONNER,Marcel HORNBERG', 'SILVIA PATIÑO RODRIGUEZ', 'B65D 33/08,B65D 33/10,B65D 33/28,A45C 3/06'),
(145, 'NC2024/0000065', 'Patente de Invención Nacional', 'CHALECO DE EJERCICIO MULTIFUNCIONAL PARA EL FORTALECIMIENTO MUSCULAR Y LA CORRECCIÓN DE POSTURA', '2024-01-04', 'Publicada sin pago', 'Federico Restrepo Cucalón ', 'ANDRES FELIPE RAHN NIETO', 'A63B 21/00,A63B 21/02,A63B 21/055,A63B 21/06,A63B 22/08,A63B 69/00'),
(146, 'NC2024/0018188', 'Patente de Invención Nacional', 'ANDAMIOS FLEXIBLES DE POLICAPROLACTONA/NANOTUBOS DE CARBONO PARA RECUPERACIÓN DE LA FUNCIÓN CONTRÁCTIL DEL MÚSCULO ESTRIADO', '2024-12-28', 'Publicada sin pago', 'JOSÉ OSCAR GUTIÉRREZ MONTES,MARIO JOSÉ CORREA QUICENO,PAOLA ANDREA NEUTA ARCINIEGAS,ADALBERTO SÁNCHE', 'FELIPE EDUARDO  FIGUEROA CARDOZO', 'G01N 33/554,G01N 33/00,C01B 32/158'),
(147, 'NC2024/0018415', 'Patente de Invención Nacional', 'SISTEMA DE GENERACIÓN DE BURBUJAS INMERSO EN TANQUE DE PROCESAMIENTO DE LIQUIDOS Y REMOCIÓN DE SOLIDOS SEDIMENTABLES', '2024-12-31', 'Publicada sin pago', 'CARLOS ANDRES DIAZ PRADA,FLAMINIO GUARIN ARENAS,CARLOS ANDRES CARDONA ROMERO,Natalia Prieto jimenez', 'LUZ MARA HERRERA HERRERA', 'C10G 1/00,C10G 2/00,C10G 17/00,C02F 1/00,C02F 3/00,C02F 9/00'),
(148, 'NC2023/0018749', 'Patente de Invención Nacional', 'CANASTA DE ENVÍO Y/O RECOLECCIÓN DE SÓLIDOS DE DIFERENTES FORMAS Y GEOMETRÍAS EN TRAMPAS DE RASPADORES', '2023-12-31', 'Publicada sin pago', 'OSCAR SANDY NEIRA LOPEZ,EDWIN ENRIQUE GUTIERREZ FUENTES,CHRISTIAM ANTONIO MERCADO GARCÍA,CLAUDIA INÉ', 'LUZ MARA HERRERA HERRERA', 'B08B 9/04,F16L 55/28,C09K 8/42,C09K 8/60,E21B 33/16,B01J 13/00'),
(149, 'NC2023/0018754', 'Patente de Invención Nacional', 'TECNOLOGIA TUCANO-UNIDAD DE FILTRACION CON MEMBRANAS OLEOFILICAS SELECTIVAS', '2023-12-31', 'Publicada sin pago', 'JUAN DAVID MONROY AVILA,RAUL LEONARDO TRIANA ALONSO,Jose Luis Gomez Vergel,Luis Carlos FONSECA HERRE', 'LUZ MARA HERRERA HERRERA', 'B01D 27/08,B01D 29/15,B01D 29/50,B01D 29/52,B01D 29/96,B01D 35/30,B01D 46/00,B01D 46/24'),
(150, 'NC2023/0018757', 'Patente de Invención Nacional', 'PROCESO DE GENERACIÓN DE VAPOR EN SUBSUELO MEDIANTE LA INYECCIÓN DE NEBLINA PARA RECOBRO DE CRUDO PESADO ', '2023-12-31', 'Publicada sin pago', 'HECTOR ARNOLDO RODRIGUEZ PRADA,LUIS EDUARDO  GARCIA RODRIGUEZ ,Romel Antonio Perez Romero,Javier Enr', 'LUZ MARA HERRERA HERRERA', 'E21B 36/00,E21B 43/00,E21B 43/12,E21B 43/16,E21B 43/22,E21B 43/24,E21B 43/243');
INSERT INTO `patentes` (`id`, `expediente`, `tipoPatente`, `titulo`, `fecha`, `estado`, `inventor`, `apoderado`, `cip`) VALUES
(151, 'NC2023/0018756', 'Patente de Invención Nacional', 'MATERIALES NANO PARTICULADOS MULTITEMÁTICOS: MÉTODOS DE OBTENCIÓN Y FORMULACIÓN DEL CONTENIDO ELEMENTAL METÁLICO PARA SU APLICACIÓN COMO NANO FERTILIZANTES', '2023-12-31', 'Publicada sin pago', 'RODRIGO GONZALO TORRES SAÉZ,Cesar Armando CACERES MANTILLA,Juan Sebastian RAMIREZ PRADILLA,Ivan Feli', 'LUZ MARA HERRERA HERRERA', 'C01B 33/06,C01G 23/00,C01G 49/00,C01G 51/00,C01G 53/00,C01G 55/00,C25B 1/00,C25B 1/04,C25B 11/04,B01'),
(152, 'NC2023/0018759', 'Patente de Invención Nacional', 'SÍNTESIS DE UNA RESINA DE INTERCAMBIO ANIÓNICA  ', '2023-12-31', 'Publicada sin pago', 'José Manuel,  USURIAGA TORRES,CESAR ARMANDO CÁCERES MANTILLA,DANIEL ALEJANDRO PATROUILLEAU QUINTANA,', 'LUZ MARA HERRERA HERRERA', 'B01J 20/00,B01D 5/00,B01D 11/02,B01D 11/04,B01D 15/00,B01D 17/02,B01D 17/04,B01D 21/00,B01D 53/02,B0'),
(153, 'NC2023/0018758', 'Patente de Invención Nacional', 'SISTEMA DE MEDICIÓN DE CORROSIÓN E INCRUSTACIÓN EN FONDO DE POZOS INYECTORES ', '2023-12-31', 'Publicada sin pago', 'Jose Constain SASTOKE MORENO,Jose Adalberto CARRASCAL LOPEZ,MARLY FABIOLA PARRA ERAZO,Jose David Iba', 'LUZ MARA HERRERA HERRERA', 'E21B 41/02,E21B 47/00,G01N 17/04,E21B 47/08,E21B 47/10,E21B 47/12,G01V 3/30'),
(154, 'NC2025/0007469', 'Patente de Invención Nacional', 'SISTEMA AUTOMATIZADO DE HIDRATACIÓN DE TALLOS DE PLANTAS', '2025-06-05', 'Publicada sin pago', 'EDILSON ALEJANDRO OROZCO CASTAÑEDA,JUAN PABLO RUIZ ZULUAGA,ANYELO ALEJANDRO GIRALDO OSPITIA,JHON FRE', 'EDILSON ALEJANDRO OROZCO CASTAÑEDA', 'A01D 37/04,A01D 57/22,A01D 37/00'),
(155, 'NC2025/0007529', 'Patente de Invención Nacional', 'PROCESO PARA LA ELABORACIÓN DE COLÁGENO  MARINO  A BASE DE  ESCAMAS DE PESCADO EN PRESENTACION DE GEL Y DE POLVO.', '2025-06-06', 'Publicada sin pago', 'CARMEN ELENA AUZ AAGUIRRE', 'CARMEN ELENA AUZ AAGUIRRE', 'A23J 1/04,A23J 1/10,A23J 3/06,A23L 17/00,C09H 3/00,A61K 8/18,A61K 8/65');

-- --------------------------------------------------------

--
-- Estructura de tabla para la tabla `patente_solicitante`
--

CREATE TABLE `patente_solicitante` (
  `id` int(11) NOT NULL,
  `patente_id` int(11) NOT NULL,
  `solicitante_id` int(11) NOT NULL
) ENGINE=InnoDB DEFAULT CHARSET=utf8mb4 COLLATE=utf8mb4_general_ci;

--
-- Volcado de datos para la tabla `patente_solicitante`
--

INSERT INTO `patente_solicitante` (`id`, `patente_id`, `solicitante_id`) VALUES
(1, 1, 5),
(2, 2, 6),
(3, 3, 7),
(4, 4, 8),
(5, 5, 135),
(6, 6, 136),
(7, 7, 9),
(8, 8, 9),
(9, 9, 10),
(10, 10, 11),
(11, 11, 12),
(12, 12, 13),
(13, 12, 14),
(14, 13, 15),
(15, 14, 16),
(16, 15, 16),
(17, 16, 16),
(18, 17, 17),
(19, 18, 18),
(20, 19, 19),
(21, 20, 20),
(22, 21, 21),
(23, 22, 22),
(24, 23, 23),
(25, 24, 24),
(26, 24, 25),
(27, 24, 137),
(28, 25, 27),
(29, 26, 28),
(30, 27, 20),
(31, 28, 29),
(32, 28, 139),
(33, 29, 30),
(34, 30, 31),
(35, 31, 140),
(36, 32, 32),
(37, 33, 33),
(38, 34, 34),
(39, 35, 35),
(40, 36, 36),
(41, 37, 37),
(42, 38, 38),
(43, 39, 39),
(44, 40, 40),
(45, 41, 41),
(46, 42, 42),
(47, 43, 43),
(48, 44, 44),
(49, 44, 45),
(50, 45, 46),
(51, 46, 47),
(52, 46, 48),
(53, 47, 49),
(55, 48, 51),
(54, 48, 141),
(56, 49, 52),
(57, 50, 53),
(58, 51, 54),
(59, 52, 55),
(60, 53, 56),
(61, 54, 57),
(62, 55, 58),
(63, 56, 118),
(64, 57, 118),
(65, 58, 80),
(66, 59, 38),
(67, 60, 16),
(68, 61, 16),
(69, 62, 59),
(70, 63, 59),
(71, 64, 60),
(72, 65, 61),
(73, 66, 62),
(74, 67, 63),
(75, 67, 64),
(76, 68, 65),
(77, 69, 57),
(78, 70, 66),
(79, 70, 67),
(80, 71, 68),
(81, 72, 69),
(82, 73, 16),
(83, 74, 70),
(84, 75, 38),
(85, 76, 71),
(86, 77, 72),
(87, 78, 73),
(88, 79, 74),
(89, 80, 19),
(90, 81, 75),
(91, 82, 16),
(92, 83, 76),
(93, 84, 77),
(95, 85, 74),
(94, 85, 78),
(96, 86, 79),
(97, 87, 80),
(98, 88, 81),
(99, 89, 82),
(100, 90, 83),
(101, 91, 84),
(102, 92, 70),
(103, 93, 85),
(104, 94, 86),
(105, 95, 87),
(106, 96, 88),
(107, 97, 89),
(108, 98, 75),
(109, 99, 90),
(110, 99, 91),
(111, 99, 92),
(112, 100, 93),
(113, 101, 94),
(114, 102, 95),
(115, 103, 96),
(116, 104, 22),
(117, 105, 80),
(118, 106, 98),
(119, 107, 99),
(120, 107, 100),
(121, 108, 101),
(122, 109, 78),
(123, 109, 102),
(124, 110, 103),
(125, 111, 104),
(126, 112, 74),
(127, 113, 74),
(128, 114, 16),
(130, 114, 74),
(129, 114, 78),
(131, 115, 105),
(132, 116, 106),
(133, 116, 142),
(134, 117, 108),
(135, 118, 109),
(136, 119, 110),
(137, 120, 16),
(138, 121, 16),
(139, 122, 111),
(140, 123, 66),
(141, 123, 112),
(142, 124, 113),
(143, 125, 114),
(144, 126, 115),
(145, 127, 116),
(146, 128, 117),
(147, 129, 59),
(148, 130, 118),
(149, 131, 119),
(150, 132, 120),
(151, 133, 121),
(152, 134, 122),
(153, 135, 122),
(154, 136, 123),
(155, 137, 123),
(156, 138, 43),
(157, 139, 124),
(158, 139, 125),
(159, 139, 143),
(160, 140, 124),
(161, 140, 125),
(162, 140, 143),
(163, 141, 124),
(164, 141, 125),
(165, 141, 143),
(166, 142, 127),
(167, 143, 128),
(168, 144, 129),
(169, 145, 130),
(170, 146, 43),
(171, 147, 74),
(172, 148, 74),
(173, 149, 74),
(174, 150, 74),
(175, 151, 74),
(176, 152, 74),
(177, 153, 74),
(178, 154, 131),
(179, 154, 132),
(180, 154, 133),
(181, 154, 144),
(182, 154, 145),
(183, 155, 134);

-- --------------------------------------------------------

--
-- Estructura de tabla para la tabla `proyectos`
--

CREATE TABLE `proyectos` (
  `id` int(11) NOT NULL,
  `tipoProyecto` varchar(100) NOT NULL,
  `titulo` varchar(500) NOT NULL,
  `fecha` date NOT NULL,
  `estado` varchar(50) NOT NULL,
  `id_solicitante` int(11) NOT NULL,
  `id_inventor` int(11) NOT NULL
) ENGINE=InnoDB DEFAULT CHARSET=utf8mb4 COLLATE=utf8mb4_general_ci;

-- --------------------------------------------------------

--
-- Estructura de tabla para la tabla `solicitudpatentes`
--

CREATE TABLE `solicitudpatentes` (
  `id` int(11) NOT NULL,
  `expediente` varchar(100) NOT NULL,
  `tipoPatente` varchar(100) NOT NULL,
  `titulo` varchar(500) NOT NULL,
  `fecha` date NOT NULL,
  `estado` varchar(50) NOT NULL,
  `id_solicitante` int(11) NOT NULL,
  `id_inventor` int(11) NOT NULL,
  `id_apoderado` int(11) DEFAULT NULL,
  `cip` varchar(100) DEFAULT NULL
) ENGINE=InnoDB DEFAULT CHARSET=utf8mb4 COLLATE=utf8mb4_general_ci;

-- --------------------------------------------------------

--
-- Estructura de tabla para la tabla `solicitudproyectos`
--

CREATE TABLE `solicitudproyectos` (
  `id` int(11) NOT NULL,
  `tipoProyecto` varchar(100) NOT NULL,
  `titulo` varchar(500) NOT NULL,
  `fecha` date NOT NULL,
  `estado` varchar(50) NOT NULL,
  `id_solicitante` int(11) NOT NULL,
  `id_inventor` int(11) NOT NULL
) ENGINE=InnoDB DEFAULT CHARSET=utf8mb4 COLLATE=utf8mb4_general_ci;

-- --------------------------------------------------------

--
-- Estructura de tabla para la tabla `usuario`
--

CREATE TABLE `usuario` (
  `id` int(11) NOT NULL,
  `tipoDocumento` varchar(50) DEFAULT NULL,
  `NoDocumento` varchar(50) DEFAULT NULL,
  `nombre` varchar(255) NOT NULL,
  `tipoUsuario` varchar(50) DEFAULT NULL,
  `correo` varchar(255) DEFAULT NULL,
  `celular` varchar(20) DEFAULT NULL,
<<<<<<< HEAD
  `fechaNacimiento` date DEFAULT NULL
=======
  `fechaNacimiento` date DEFAULT NULL,
  `contrasena` varchar(50) NOT NULL DEFAULT 'TEMP'
>>>>>>> origin/Adrian-prueba
) ENGINE=InnoDB DEFAULT CHARSET=utf8mb4 COLLATE=utf8mb4_general_ci;

--
-- Volcado de datos para la tabla `usuario`
--

<<<<<<< HEAD
INSERT INTO `usuario` (`id`, `tipoDocumento`, `NoDocumento`, `nombre`, `tipoUsuario`, `correo`, `celular`, `fechaNacimiento`) VALUES
(1, NULL, '1089933278', 'SILVER S.A.S', NULL, NULL, NULL, NULL),
(2, NULL, '1089933279', 'APPLE INC.', NULL, NULL, NULL, NULL),
(3, NULL, '1089933280', 'Luis Andres Jurado Diaz', NULL, NULL, NULL, NULL),
(4, NULL, '1089933281', 'INBIOTECH S.A.S', NULL, NULL, NULL, NULL),
(5, NULL, '1089933282', 'Miguel Esteban Beltrán González', NULL, NULL, NULL, NULL),
(6, NULL, '1089933283', 'WAGU S.A.S', NULL, NULL, NULL, NULL),
(7, NULL, '1089933284', 'LANDERS Y CIA. S.A.S.', NULL, NULL, NULL, NULL),
(8, NULL, '1089933285', 'SANTIAGO ESCOBAR VELASQUEZ', NULL, NULL, NULL, NULL),
(9, NULL, '1089933286', 'Softys S.A', NULL, NULL, NULL, NULL),
(10, NULL, '1089933287', 'NATALIA COLORADO BETANCOURT', NULL, NULL, NULL, NULL),
(11, NULL, '1089933288', 'SERIES INTERNATIONAL LLC', NULL, NULL, NULL, NULL),
(12, NULL, '1089933289', 'YILVER ALEXIS CRUZ ORTIZ', NULL, NULL, NULL, NULL),
(13, NULL, '1089933290', 'Daniel  López Tabares', NULL, NULL, NULL, NULL),
(14, NULL, '1089933291', 'Carlos Emilio López Ciro', NULL, NULL, NULL, NULL),
(15, NULL, '1089933292', 'Marco Antonio Iturriza Moreno', NULL, NULL, NULL, NULL),
(16, NULL, '1089933293', 'SERVICIO NACIONAL DE APRENDIZAJE SENA', NULL, NULL, NULL, NULL),
(17, NULL, '1089933294', 'TECSA S3 S.A.S', NULL, NULL, NULL, NULL),
(18, NULL, '1089933295', 'CORPORACIÓN UNIVERSITARIA DE SANTA ROSA DE CABAL UNISARC', NULL, NULL, NULL, NULL),
(19, NULL, '1089933296', 'SOCIAL RAEE SAS ', NULL, NULL, NULL, NULL),
(20, NULL, '1089933297', 'EVEREST PRINTED SOLUTIONS SAS', NULL, NULL, NULL, NULL),
(21, NULL, '1089933298', 'EDEMCO SAS', NULL, NULL, NULL, NULL),
(22, NULL, '1089933299', 'QINGDAO RAINBOW CHEMICAL CO., LTD.', NULL, NULL, NULL, NULL),
(23, NULL, '1089933300', 'PARTES Y COMPLEMENTOS PLÁSTICOS S.A.S.', NULL, NULL, NULL, NULL),
(24, NULL, '1089933301', 'MARIA XIMENA BASTIDAS RODRIGUEZ', NULL, NULL, NULL, NULL),
(25, NULL, '1089933302', 'ANA MELISA FERNANDES FERNANDES', NULL, NULL, NULL, NULL),
(26, NULL, '1089933303', 'JUAN RONCACIO', NULL, NULL, NULL, NULL),
(27, NULL, '1089933304', 'IVAN HERRERA MURGUEITIO', NULL, NULL, NULL, NULL),
(28, NULL, '1089933305', 'UNIVERSIDAD MARIANA', NULL, NULL, NULL, NULL),
(29, NULL, '1089933306', 'CORPORACIÓN COLOMBIANA DE INVESTIGACIÓN AGROPECUARIA - AGROSAVIA', NULL, NULL, NULL, NULL),
(30, NULL, '1089933307', 'HERO MOTOCORP LIMITED', NULL, NULL, NULL, NULL),
(31, NULL, '1089933308', 'CARLOS YESID VARELA BERNAL', NULL, NULL, NULL, NULL),
(32, NULL, '1089933309', 'YUBAR ALBERTO  ARROYAVE RESTREPO', NULL, NULL, NULL, NULL),
(33, NULL, '1089933310', 'EQUINORTE S.A.', NULL, NULL, NULL, NULL),
(34, NULL, '1089933311', 'Técnicos en Combustión y Tratamiento de Aguas TECCA SAS', NULL, NULL, NULL, NULL),
(35, NULL, '1089933312', 'VERNEY ANTONIO BLANDON TORRES', NULL, NULL, NULL, NULL),
(36, NULL, '1089933313', 'ROBERTO ANTONIO  CARDONA PEREZ ', NULL, NULL, NULL, NULL),
(37, NULL, '1089933314', 'GALQUI S.A.S', NULL, NULL, NULL, NULL),
(38, NULL, '1089933315', 'UNIVERSIDAD CATÓLICA DE CUENCA', NULL, NULL, NULL, NULL),
(39, NULL, '1089933316', 'SUCESORES DE JOSE JESUS RESTREPO & CIA. S.A. CASA LUKER S.A.', NULL, NULL, NULL, NULL),
(40, NULL, '1089933317', 'MUDr. MICHAL VIRAG, PhD.', NULL, NULL, NULL, NULL),
(41, NULL, '1089933318', 'CHRISTIAN CAMILO  MELO RINCÓN', NULL, NULL, NULL, NULL),
(42, NULL, '1089933319', 'JOSE GUSTAVO GRISALES GARCIA ', NULL, NULL, NULL, NULL),
(43, NULL, '1089933320', 'UNIVERSIDAD DEL VALLE', NULL, NULL, NULL, NULL),
(44, NULL, '1089933321', 'JUAN CARLOS CUESTA QUINTERO', NULL, NULL, NULL, NULL),
(45, NULL, '1089933322', 'ROBERTO CALVO', NULL, NULL, NULL, NULL),
(46, NULL, '1089933323', 'Eclo S.A.S', NULL, NULL, NULL, NULL),
(47, NULL, '1089933324', 'UNIVERSIDAD NACIONAL DE COLOMBIA', NULL, NULL, NULL, NULL),
(48, NULL, '1089933325', 'UNIVERSIDAD AUTONOMA METROPOLITANA', NULL, NULL, NULL, NULL),
(49, NULL, '1089933326', 'Rolando  Olarte Duran', NULL, NULL, NULL, NULL),
(50, NULL, '1089933327', 'Yongnong Biosciences Co.', NULL, NULL, NULL, NULL),
(51, NULL, '1089933328', 'Ningxia YongNong BioSciences CO.', NULL, NULL, NULL, NULL),
(52, NULL, '1089933329', 'JM HIDROGENO VERDE S.A.S', NULL, NULL, NULL, NULL),
(53, NULL, '1089933330', 'DANIEL MAURICIO  LOVERA PÉREZ', NULL, NULL, NULL, NULL),
(54, NULL, '1089933331', 'Juan Carlos Montes Galarza', NULL, NULL, NULL, NULL),
(55, NULL, '1089933332', 'CASALUKER S.A.', NULL, NULL, NULL, NULL),
(56, NULL, '1089933333', 'Luis David Garcia Giraldo', NULL, NULL, NULL, NULL),
(57, NULL, '1089933334', 'FOCA MOBILIDADE DO BRASIL LTDA', NULL, NULL, NULL, NULL),
(58, NULL, '1089933335', 'MEALS DE COLOMBIA S.A.S.', NULL, NULL, NULL, NULL),
(59, NULL, '1089933336', 'LABORATORIOS SILANES S.A. DE C.V.', NULL, NULL, NULL, NULL),
(60, NULL, '1089933337', 'ceps engineering sas', NULL, NULL, NULL, NULL),
(61, NULL, '1089933338', 'UNIVERSIDAD DISTRITAL FRANCISCO JOSE DE CALDAS', NULL, NULL, NULL, NULL),
(62, NULL, '1089933339', 'JUAN PABLO ACEVEDO SUAREZ', NULL, NULL, NULL, NULL),
(63, NULL, '1089933340', 'UNIVERSIDAD SERGIO ARBOLEDA', NULL, NULL, NULL, NULL),
(64, NULL, '1089933341', 'GUSTAVO ADOLFO  TORRES DUQUE', NULL, NULL, NULL, NULL),
(65, NULL, '1089933342', 'Gerson Freive Restrepo', NULL, NULL, NULL, NULL),
(66, NULL, '1089933343', 'COLEGIO MAYOR DE NUESTRA SEÑORA DEL ROSARIO', NULL, NULL, NULL, NULL),
(67, NULL, '1089933344', 'FUNDACIÓN CARDIOINFANTIL - INSTITUTO DE CARDIOLOGÍA', NULL, NULL, NULL, NULL),
(68, NULL, '1089933345', 'PROTECNICA INGENIERIA S.A.S.', NULL, NULL, NULL, NULL),
(69, NULL, '1089933346', 'TabBrands Inc.', NULL, NULL, NULL, NULL),
(70, NULL, '1089933347', 'INDUSTRIA DE EMPAQUETADURAS INDEPACK SAS', NULL, NULL, NULL, NULL),
(71, NULL, '1089933348', 'JUAN ENRIQUE  ARANGO CADAVID', NULL, NULL, NULL, NULL),
(72, NULL, '1089933349', 'SERUM INSTITUTE OF INDIA PRIVATE LIMITED', NULL, NULL, NULL, NULL),
(73, NULL, '1089933350', 'TRAVEL-WALLET CO., LTD.', NULL, NULL, NULL, NULL),
(74, NULL, '1089933351', 'ECOPETROL  S.A.', NULL, NULL, NULL, NULL),
(75, NULL, '1089933352', 'CORPORACION UNIVERSITARIA DEL HUILA', NULL, NULL, NULL, NULL),
(76, NULL, '1089933353', 'TEODICELO GOMEZ PUENTES', NULL, NULL, NULL, NULL),
(77, NULL, '1089933354', 'GRAPHENE INVESTMENTS SAS', NULL, NULL, NULL, NULL),
(78, NULL, '1089933355', 'UNIVERSIDAD INDUSTRIAL DE SANTANDER', NULL, NULL, NULL, NULL),
(79, NULL, '1089933356', 'QUIPUX. S.A.S. ', NULL, NULL, NULL, NULL),
(80, NULL, '1089933357', 'UNIVERSIDAD PONTIFICIA BOLIVARIANA', NULL, NULL, NULL, NULL),
(81, NULL, '1089933358', 'MAXDRONE SAS', NULL, NULL, NULL, NULL),
(82, NULL, '1089933359', 'YAMID LEONARDO MAZO BONILLA', NULL, NULL, NULL, NULL),
(83, NULL, '1089933360', 'BIOMANDARINO S.A.S', NULL, NULL, NULL, NULL),
(84, NULL, '1089933361', 'Rosita Brilly  Ángel Reitsch', NULL, NULL, NULL, NULL),
(85, NULL, '1089933362', 'PABLO POCH FIGUEROA', NULL, NULL, NULL, NULL),
(86, NULL, '1089933363', 'Guarany Indústria e Comécio Ltda', NULL, NULL, NULL, NULL),
(87, NULL, '1089933364', '218 mechanical s.a.s', NULL, NULL, NULL, NULL),
(88, NULL, '1089933365', 'PAULO FABIANO GATELLI', NULL, NULL, NULL, NULL),
(89, NULL, '1089933366', 'BIOCOLD TECHNOLOGIES S.AS. BIC', NULL, NULL, NULL, NULL),
(90, NULL, '1089933367', 'UNIVERSIDAD DE ANTIOQUIA', NULL, NULL, NULL, NULL),
(91, NULL, '1089933368', 'PRÓTESIS AVANZADAS S.A.S.', NULL, NULL, NULL, NULL),
(92, NULL, '1089933369', 'FUNDACIÓN HOSPITALARIA SAN VICENTE DE PAÚL', NULL, NULL, NULL, NULL),
(93, NULL, '1089933370', 'Frank David  Gómez Pinto', NULL, NULL, NULL, NULL),
(94, NULL, '1089933371', 'OLGA PRAXCEDIS PRIETO MARIN', NULL, NULL, NULL, NULL),
(95, NULL, '1089933372', 'ASADORES EL BARRIL SAS', NULL, NULL, NULL, NULL),
(96, NULL, '1089933373', 'WEG EQUIPAMENTOS ELÉTRICOS S.A', NULL, NULL, NULL, NULL),
(97, NULL, '1089933374', 'QINGDAO RAINBOW CHEMICAL CO.', NULL, NULL, NULL, NULL),
(98, NULL, '1089933375', 'DALHOUSIE UNIVERSITY', NULL, NULL, NULL, NULL),
(99, NULL, '1089933376', 'DIANA MARYORI GUEVARA LOZADA', NULL, NULL, NULL, NULL),
(100, NULL, '1089933377', 'CRISTIAN ALEXANDER GUEVARA CADAVID', NULL, NULL, NULL, NULL),
(101, NULL, '1089933378', 'POLARISDRONE SAS', NULL, NULL, NULL, NULL),
(102, NULL, '1089933379', 'UNIDADES TECNOLOGICAS DE SANTANDER', NULL, NULL, NULL, NULL),
(103, NULL, '1089933380', 'UNIVERSIDAD LA GRAN COLOMBIA', NULL, NULL, NULL, NULL),
(104, NULL, '1089933381', 'DSB CAPITAL GROUP SAS ', NULL, NULL, NULL, NULL),
(105, NULL, '1089933382', 'RSG INTERNATIONAL CORP.', NULL, NULL, NULL, NULL),
(106, NULL, '1089933383', 'LUIS FERNANDO VELEZ ZULUAGA', NULL, NULL, NULL, NULL),
(107, NULL, '1089933384', 'HUGO ANDRES LOPEZ', NULL, NULL, NULL, NULL),
(108, NULL, '1089933385', 'UNIVERSIDAD DE BOYACÁ', NULL, NULL, NULL, NULL),
(109, NULL, '1089933386', 'ethan steven ramirez betancur', NULL, NULL, NULL, NULL),
(110, NULL, '1089933387', 'ENER-RAM S.A.S.', NULL, NULL, NULL, NULL),
(111, NULL, '1089933388', 'Cristian Angarita Parra', NULL, NULL, NULL, NULL),
(112, NULL, '1089933389', 'CORPORACION HOSPITALARIA JUAN CIUDAD', NULL, NULL, NULL, NULL),
(113, NULL, '1089933390', 'LUIS ANGEL CASTRILLON ARDILA', NULL, NULL, NULL, NULL),
(114, NULL, '1089933391', 'MARIO ERNESTO PEREZ GUTIERREZ', NULL, NULL, NULL, NULL),
(115, NULL, '1089933392', 'UNIVERSIDAD EAFIT', NULL, NULL, NULL, NULL),
(116, NULL, '1089933393', 'SANADORES AMBIENTALES SANAM COMPANY S.A.S.', NULL, NULL, NULL, NULL),
(117, NULL, '1089933394', 'REIFENHÄUSER GMBH & CO. KG MASCHINENFABRIK', NULL, NULL, NULL, NULL),
(118, NULL, '1089933395', 'PONTIFICIA UNIVERSIDAD JAVERIANA', NULL, NULL, NULL, NULL),
(119, NULL, '1089933396', 'UNIVERSIDAD DE CARTAGENA', NULL, NULL, NULL, NULL),
(120, NULL, '1089933397', 'Jonathan Alexander Nieves Suarez', NULL, NULL, NULL, NULL),
(121, NULL, '1089933398', 'DVA AGRO GMBH', NULL, NULL, NULL, NULL),
(122, NULL, '1089933399', 'SEB S.A.', NULL, NULL, NULL, NULL),
(123, NULL, '1089933400', 'ALPINA PRODUCTOS ALIMENTICIOS S.A.S. - BIC.', NULL, NULL, NULL, NULL),
(124, NULL, '1089933401', 'LIFEFACTORS S.A.S.', NULL, NULL, NULL, NULL),
(125, NULL, '1089933402', 'LifeFactors Zona Franca SAS', NULL, NULL, NULL, NULL),
(126, NULL, '1089933403', 'LifeFactors Canadá', NULL, NULL, NULL, NULL),
(127, NULL, '1089933404', 'JUAN JOSE LOZADA CASTRO', NULL, NULL, NULL, NULL),
(128, NULL, '1089933405', 'INDUSTRIA MILITAR - INDUMIL', NULL, NULL, NULL, NULL),
(129, NULL, '1089933406', 'Papier-Mettler KG', NULL, NULL, NULL, NULL),
(130, NULL, '1089933407', '3LOX LLC', NULL, NULL, NULL, NULL),
(131, NULL, '1089933408', 'EDILSON ALEJANDRO OROZCO CASTAÑEDA', NULL, NULL, NULL, NULL),
(132, NULL, '1089933409', 'JUAN PABLO RUIZ ZULUAGA', NULL, NULL, NULL, NULL),
(133, NULL, '1089933410', 'ANYELO ALEJANDRO GIRALDO OSPITIA', NULL, NULL, NULL, NULL),
(134, NULL, '1089933411', 'CARMEN ELENA AUZ AAGUIRRE', NULL, NULL, NULL, NULL),
(135, NULL, '1089933412', 'UNIVERSIDAD DE LA SABANA', NULL, NULL, NULL, NULL),
(136, NULL, '1089933413', 'UNIVERSIDAD DE MEDELLIN', NULL, NULL, NULL, NULL),
(137, NULL, '1089933414', 'Juan Roncancio', NULL, NULL, NULL, NULL),
(138, NULL, '1089933415', 'CORPORACIÓN COLOMBIANA DE INVESTIGACIÓN AGROPECUARIA - AGROSAVIA', NULL, NULL, NULL, NULL),
(139, NULL, '1089933416', 'VISUALITI SAS', NULL, NULL, NULL, NULL),
(140, NULL, '1089933417', 'Angela Ines Dominguez Camacho', NULL, NULL, NULL, NULL),
(141, NULL, '1089933418', 'Yongnong Biosciences Co', NULL, NULL, NULL, NULL),
(142, NULL, '1089933419', 'HUGO ANDRES LOPEZ ', NULL, NULL, NULL, NULL),
(143, NULL, '1089933420', 'LifeFactors Canadá (LifeFactors IP LP)', NULL, NULL, NULL, NULL),
(144, NULL, '1089933421', 'JHON FREDY HINCAPIE ECHEVERRI', NULL, NULL, NULL, NULL),
(145, NULL, '1089933422', 'JEISON DANIEL ECHEVERRI LOPEZ', NULL, NULL, NULL, NULL);
=======
INSERT INTO `usuario` (`id`, `tipoDocumento`, `NoDocumento`, `nombre`, `tipoUsuario`, `correo`, `celular`, `fechaNacimiento`, `contrasena`) VALUES
(1, NULL, '1089933278', 'SILVER S.A.S', NULL, NULL, NULL, NULL, 'TEMP'),
(2, NULL, '1089933279', 'APPLE INC.', NULL, NULL, NULL, NULL, 'TEMP'),
(3, NULL, '1089933280', 'Luis Andres Jurado Diaz', NULL, NULL, NULL, NULL, 'TEMP'),
(4, NULL, '1089933281', 'INBIOTECH S.A.S', NULL, NULL, NULL, NULL, 'TEMP'),
(5, NULL, '1089933282', 'Miguel Esteban Beltrán González', NULL, NULL, NULL, NULL, 'TEMP'),
(6, NULL, '1089933283', 'WAGU S.A.S', NULL, NULL, NULL, NULL, 'TEMP'),
(7, NULL, '1089933284', 'LANDERS Y CIA. S.A.S.', NULL, NULL, NULL, NULL, 'TEMP'),
(8, NULL, '1089933285', 'SANTIAGO ESCOBAR VELASQUEZ', NULL, NULL, NULL, NULL, 'TEMP'),
(9, NULL, '1089933286', 'Softys S.A', NULL, NULL, NULL, NULL, 'TEMP'),
(10, NULL, '1089933287', 'NATALIA COLORADO BETANCOURT', NULL, NULL, NULL, NULL, 'TEMP'),
(11, NULL, '1089933288', 'SERIES INTERNATIONAL LLC', NULL, NULL, NULL, NULL, 'TEMP'),
(12, NULL, '1089933289', 'YILVER ALEXIS CRUZ ORTIZ', NULL, NULL, NULL, NULL, 'TEMP'),
(13, NULL, '1089933290', 'Daniel  López Tabares', NULL, NULL, NULL, NULL, 'TEMP'),
(14, NULL, '1089933291', 'Carlos Emilio López Ciro', NULL, NULL, NULL, NULL, 'TEMP'),
(15, NULL, '1089933292', 'Marco Antonio Iturriza Moreno', NULL, NULL, NULL, NULL, 'TEMP'),
(16, NULL, '1089933293', 'SERVICIO NACIONAL DE APRENDIZAJE SENA', NULL, NULL, NULL, NULL, 'TEMP'),
(17, NULL, '1089933294', 'TECSA S3 S.A.S', NULL, NULL, NULL, NULL, 'TEMP'),
(18, NULL, '1089933295', 'CORPORACIÓN UNIVERSITARIA DE SANTA ROSA DE CABAL UNISARC', NULL, NULL, NULL, NULL, 'TEMP'),
(19, NULL, '1089933296', 'SOCIAL RAEE SAS ', NULL, NULL, NULL, NULL, 'TEMP'),
(20, NULL, '1089933297', 'EVEREST PRINTED SOLUTIONS SAS', NULL, NULL, NULL, NULL, 'TEMP'),
(21, NULL, '1089933298', 'EDEMCO SAS', NULL, NULL, NULL, NULL, 'TEMP'),
(22, NULL, '1089933299', 'QINGDAO RAINBOW CHEMICAL CO., LTD.', NULL, NULL, NULL, NULL, 'TEMP'),
(23, NULL, '1089933300', 'PARTES Y COMPLEMENTOS PLÁSTICOS S.A.S.', NULL, NULL, NULL, NULL, 'TEMP'),
(24, NULL, '1089933301', 'MARIA XIMENA BASTIDAS RODRIGUEZ', NULL, NULL, NULL, NULL, 'TEMP'),
(25, NULL, '1089933302', 'ANA MELISA FERNANDES FERNANDES', NULL, NULL, NULL, NULL, 'TEMP'),
(26, NULL, '1089933303', 'JUAN RONCACIO', NULL, NULL, NULL, NULL, 'TEMP'),
(27, NULL, '1089933304', 'IVAN HERRERA MURGUEITIO', NULL, NULL, NULL, NULL, 'TEMP'),
(28, NULL, '1089933305', 'UNIVERSIDAD MARIANA', NULL, NULL, NULL, NULL, 'TEMP'),
(29, NULL, '1089933306', 'CORPORACIÓN COLOMBIANA DE INVESTIGACIÓN AGROPECUARIA - AGROSAVIA', NULL, NULL, NULL, NULL, 'TEMP'),
(30, NULL, '1089933307', 'HERO MOTOCORP LIMITED', NULL, NULL, NULL, NULL, 'TEMP'),
(31, NULL, '1089933308', 'CARLOS YESID VARELA BERNAL', NULL, NULL, NULL, NULL, 'TEMP'),
(32, NULL, '1089933309', 'YUBAR ALBERTO  ARROYAVE RESTREPO', NULL, NULL, NULL, NULL, 'TEMP'),
(33, NULL, '1089933310', 'EQUINORTE S.A.', NULL, NULL, NULL, NULL, 'TEMP'),
(34, NULL, '1089933311', 'Técnicos en Combustión y Tratamiento de Aguas TECCA SAS', NULL, NULL, NULL, NULL, 'TEMP'),
(35, NULL, '1089933312', 'VERNEY ANTONIO BLANDON TORRES', NULL, NULL, NULL, NULL, 'TEMP'),
(36, NULL, '1089933313', 'ROBERTO ANTONIO  CARDONA PEREZ ', NULL, NULL, NULL, NULL, 'TEMP'),
(37, NULL, '1089933314', 'GALQUI S.A.S', NULL, NULL, NULL, NULL, 'TEMP'),
(38, NULL, '1089933315', 'UNIVERSIDAD CATÓLICA DE CUENCA', NULL, NULL, NULL, NULL, 'TEMP'),
(39, NULL, '1089933316', 'SUCESORES DE JOSE JESUS RESTREPO & CIA. S.A. CASA LUKER S.A.', NULL, NULL, NULL, NULL, 'TEMP'),
(40, NULL, '1089933317', 'MUDr. MICHAL VIRAG, PhD.', NULL, NULL, NULL, NULL, 'TEMP'),
(41, NULL, '1089933318', 'CHRISTIAN CAMILO  MELO RINCÓN', NULL, NULL, NULL, NULL, 'TEMP'),
(42, NULL, '1089933319', 'JOSE GUSTAVO GRISALES GARCIA ', NULL, NULL, NULL, NULL, 'TEMP'),
(43, NULL, '1089933320', 'UNIVERSIDAD DEL VALLE', NULL, NULL, NULL, NULL, 'TEMP'),
(44, NULL, '1089933321', 'JUAN CARLOS CUESTA QUINTERO', NULL, NULL, NULL, NULL, 'TEMP'),
(45, NULL, '1089933322', 'ROBERTO CALVO', NULL, NULL, NULL, NULL, 'TEMP'),
(46, NULL, '1089933323', 'Eclo S.A.S', NULL, NULL, NULL, NULL, 'TEMP'),
(47, NULL, '1089933324', 'UNIVERSIDAD NACIONAL DE COLOMBIA', NULL, NULL, NULL, NULL, 'TEMP'),
(48, NULL, '1089933325', 'UNIVERSIDAD AUTONOMA METROPOLITANA', NULL, NULL, NULL, NULL, 'TEMP'),
(49, NULL, '1089933326', 'Rolando  Olarte Duran', NULL, NULL, NULL, NULL, 'TEMP'),
(50, NULL, '1089933327', 'Yongnong Biosciences Co.', NULL, NULL, NULL, NULL, 'TEMP'),
(51, NULL, '1089933328', 'Ningxia YongNong BioSciences CO.', NULL, NULL, NULL, NULL, 'TEMP'),
(52, NULL, '1089933329', 'JM HIDROGENO VERDE S.A.S', NULL, NULL, NULL, NULL, 'TEMP'),
(53, NULL, '1089933330', 'DANIEL MAURICIO  LOVERA PÉREZ', NULL, NULL, NULL, NULL, 'TEMP'),
(54, NULL, '1089933331', 'Juan Carlos Montes Galarza', NULL, NULL, NULL, NULL, 'TEMP'),
(55, NULL, '1089933332', 'CASALUKER S.A.', NULL, NULL, NULL, NULL, 'TEMP'),
(56, NULL, '1089933333', 'Luis David Garcia Giraldo', NULL, NULL, NULL, NULL, 'TEMP'),
(57, NULL, '1089933334', 'FOCA MOBILIDADE DO BRASIL LTDA', NULL, NULL, NULL, NULL, 'TEMP'),
(58, NULL, '1089933335', 'MEALS DE COLOMBIA S.A.S.', NULL, NULL, NULL, NULL, 'TEMP'),
(59, NULL, '1089933336', 'LABORATORIOS SILANES S.A. DE C.V.', NULL, NULL, NULL, NULL, 'TEMP'),
(60, NULL, '1089933337', 'ceps engineering sas', NULL, NULL, NULL, NULL, 'TEMP'),
(61, NULL, '1089933338', 'UNIVERSIDAD DISTRITAL FRANCISCO JOSE DE CALDAS', NULL, NULL, NULL, NULL, 'TEMP'),
(62, NULL, '1089933339', 'JUAN PABLO ACEVEDO SUAREZ', NULL, NULL, NULL, NULL, 'TEMP'),
(63, NULL, '1089933340', 'UNIVERSIDAD SERGIO ARBOLEDA', NULL, NULL, NULL, NULL, 'TEMP'),
(64, NULL, '1089933341', 'GUSTAVO ADOLFO  TORRES DUQUE', NULL, NULL, NULL, NULL, 'TEMP'),
(65, NULL, '1089933342', 'Gerson Freive Restrepo', NULL, NULL, NULL, NULL, 'TEMP'),
(66, NULL, '1089933343', 'COLEGIO MAYOR DE NUESTRA SEÑORA DEL ROSARIO', NULL, NULL, NULL, NULL, 'TEMP'),
(67, NULL, '1089933344', 'FUNDACIÓN CARDIOINFANTIL - INSTITUTO DE CARDIOLOGÍA', NULL, NULL, NULL, NULL, 'TEMP'),
(68, NULL, '1089933345', 'PROTECNICA INGENIERIA S.A.S.', NULL, NULL, NULL, NULL, 'TEMP'),
(69, NULL, '1089933346', 'TabBrands Inc.', NULL, NULL, NULL, NULL, 'TEMP'),
(70, NULL, '1089933347', 'INDUSTRIA DE EMPAQUETADURAS INDEPACK SAS', NULL, NULL, NULL, NULL, 'TEMP'),
(71, NULL, '1089933348', 'JUAN ENRIQUE  ARANGO CADAVID', NULL, NULL, NULL, NULL, 'TEMP'),
(72, NULL, '1089933349', 'SERUM INSTITUTE OF INDIA PRIVATE LIMITED', NULL, NULL, NULL, NULL, 'TEMP'),
(73, NULL, '1089933350', 'TRAVEL-WALLET CO., LTD.', NULL, NULL, NULL, NULL, 'TEMP'),
(74, NULL, '1089933351', 'ECOPETROL  S.A.', NULL, NULL, NULL, NULL, 'TEMP'),
(75, NULL, '1089933352', 'CORPORACION UNIVERSITARIA DEL HUILA', NULL, NULL, NULL, NULL, 'TEMP'),
(76, NULL, '1089933353', 'TEODICELO GOMEZ PUENTES', NULL, NULL, NULL, NULL, 'TEMP'),
(77, NULL, '1089933354', 'GRAPHENE INVESTMENTS SAS', NULL, NULL, NULL, NULL, 'TEMP'),
(78, NULL, '1089933355', 'UNIVERSIDAD INDUSTRIAL DE SANTANDER', NULL, NULL, NULL, NULL, 'TEMP'),
(79, NULL, '1089933356', 'QUIPUX. S.A.S. ', NULL, NULL, NULL, NULL, 'TEMP'),
(80, NULL, '1089933357', 'UNIVERSIDAD PONTIFICIA BOLIVARIANA', NULL, NULL, NULL, NULL, 'TEMP'),
(81, NULL, '1089933358', 'MAXDRONE SAS', NULL, NULL, NULL, NULL, 'TEMP'),
(82, NULL, '1089933359', 'YAMID LEONARDO MAZO BONILLA', NULL, NULL, NULL, NULL, 'TEMP'),
(83, NULL, '1089933360', 'BIOMANDARINO S.A.S', NULL, NULL, NULL, NULL, 'TEMP'),
(84, NULL, '1089933361', 'Rosita Brilly  Ángel Reitsch', NULL, NULL, NULL, NULL, 'TEMP'),
(85, NULL, '1089933362', 'PABLO POCH FIGUEROA', NULL, NULL, NULL, NULL, 'TEMP'),
(86, NULL, '1089933363', 'Guarany Indústria e Comécio Ltda', NULL, NULL, NULL, NULL, 'TEMP'),
(87, NULL, '1089933364', '218 mechanical s.a.s', NULL, NULL, NULL, NULL, 'TEMP'),
(88, NULL, '1089933365', 'PAULO FABIANO GATELLI', NULL, NULL, NULL, NULL, 'TEMP'),
(89, NULL, '1089933366', 'BIOCOLD TECHNOLOGIES S.AS. BIC', NULL, NULL, NULL, NULL, 'TEMP'),
(90, NULL, '1089933367', 'UNIVERSIDAD DE ANTIOQUIA', NULL, NULL, NULL, NULL, 'TEMP'),
(91, NULL, '1089933368', 'PRÓTESIS AVANZADAS S.A.S.', NULL, NULL, NULL, NULL, 'TEMP'),
(92, NULL, '1089933369', 'FUNDACIÓN HOSPITALARIA SAN VICENTE DE PAÚL', NULL, NULL, NULL, NULL, 'TEMP'),
(93, NULL, '1089933370', 'Frank David  Gómez Pinto', NULL, NULL, NULL, NULL, 'TEMP'),
(94, NULL, '1089933371', 'OLGA PRAXCEDIS PRIETO MARIN', NULL, NULL, NULL, NULL, 'TEMP'),
(95, NULL, '1089933372', 'ASADORES EL BARRIL SAS', NULL, NULL, NULL, NULL, 'TEMP'),
(96, NULL, '1089933373', 'WEG EQUIPAMENTOS ELÉTRICOS S.A', NULL, NULL, NULL, NULL, 'TEMP'),
(97, NULL, '1089933374', 'QINGDAO RAINBOW CHEMICAL CO.', NULL, NULL, NULL, NULL, 'TEMP'),
(98, NULL, '1089933375', 'DALHOUSIE UNIVERSITY', NULL, NULL, NULL, NULL, 'TEMP'),
(99, NULL, '1089933376', 'DIANA MARYORI GUEVARA LOZADA', NULL, NULL, NULL, NULL, 'TEMP'),
(100, NULL, '1089933377', 'CRISTIAN ALEXANDER GUEVARA CADAVID', NULL, NULL, NULL, NULL, 'TEMP'),
(101, NULL, '1089933378', 'POLARISDRONE SAS', NULL, NULL, NULL, NULL, 'TEMP'),
(102, NULL, '1089933379', 'UNIDADES TECNOLOGICAS DE SANTANDER', NULL, NULL, NULL, NULL, 'TEMP'),
(103, NULL, '1089933380', 'UNIVERSIDAD LA GRAN COLOMBIA', NULL, NULL, NULL, NULL, 'TEMP'),
(104, NULL, '1089933381', 'DSB CAPITAL GROUP SAS ', NULL, NULL, NULL, NULL, 'TEMP'),
(105, NULL, '1089933382', 'RSG INTERNATIONAL CORP.', NULL, NULL, NULL, NULL, 'TEMP'),
(106, NULL, '1089933383', 'LUIS FERNANDO VELEZ ZULUAGA', NULL, NULL, NULL, NULL, 'TEMP'),
(107, NULL, '1089933384', 'HUGO ANDRES LOPEZ', NULL, NULL, NULL, NULL, 'TEMP'),
(108, NULL, '1089933385', 'UNIVERSIDAD DE BOYACÁ', NULL, NULL, NULL, NULL, 'TEMP'),
(109, NULL, '1089933386', 'ethan steven ramirez betancur', NULL, NULL, NULL, NULL, 'TEMP'),
(110, NULL, '1089933387', 'ENER-RAM S.A.S.', NULL, NULL, NULL, NULL, 'TEMP'),
(111, NULL, '1089933388', 'Cristian Angarita Parra', NULL, NULL, NULL, NULL, 'TEMP'),
(112, NULL, '1089933389', 'CORPORACION HOSPITALARIA JUAN CIUDAD', NULL, NULL, NULL, NULL, 'TEMP'),
(113, NULL, '1089933390', 'LUIS ANGEL CASTRILLON ARDILA', NULL, NULL, NULL, NULL, 'TEMP'),
(114, NULL, '1089933391', 'MARIO ERNESTO PEREZ GUTIERREZ', NULL, NULL, NULL, NULL, 'TEMP'),
(115, NULL, '1089933392', 'UNIVERSIDAD EAFIT', NULL, NULL, NULL, NULL, 'TEMP'),
(116, NULL, '1089933393', 'SANADORES AMBIENTALES SANAM COMPANY S.A.S.', NULL, NULL, NULL, NULL, 'TEMP'),
(117, NULL, '1089933394', 'REIFENHÄUSER GMBH & CO. KG MASCHINENFABRIK', NULL, NULL, NULL, NULL, 'TEMP'),
(118, NULL, '1089933395', 'PONTIFICIA UNIVERSIDAD JAVERIANA', NULL, NULL, NULL, NULL, 'TEMP'),
(119, NULL, '1089933396', 'UNIVERSIDAD DE CARTAGENA', NULL, NULL, NULL, NULL, 'TEMP'),
(120, NULL, '1089933397', 'Jonathan Alexander Nieves Suarez', NULL, NULL, NULL, NULL, 'TEMP'),
(121, NULL, '1089933398', 'DVA AGRO GMBH', NULL, NULL, NULL, NULL, 'TEMP'),
(122, NULL, '1089933399', 'SEB S.A.', NULL, NULL, NULL, NULL, 'TEMP'),
(123, NULL, '1089933400', 'ALPINA PRODUCTOS ALIMENTICIOS S.A.S. - BIC.', NULL, NULL, NULL, NULL, 'TEMP'),
(124, NULL, '1089933401', 'LIFEFACTORS S.A.S.', NULL, NULL, NULL, NULL, 'TEMP'),
(125, NULL, '1089933402', 'LifeFactors Zona Franca SAS', NULL, NULL, NULL, NULL, 'TEMP'),
(126, NULL, '1089933403', 'LifeFactors Canadá', NULL, NULL, NULL, NULL, 'TEMP'),
(127, NULL, '1089933404', 'JUAN JOSE LOZADA CASTRO', NULL, NULL, NULL, NULL, 'TEMP'),
(128, NULL, '1089933405', 'INDUSTRIA MILITAR - INDUMIL', NULL, NULL, NULL, NULL, 'TEMP'),
(129, NULL, '1089933406', 'Papier-Mettler KG', NULL, NULL, NULL, NULL, 'TEMP'),
(130, NULL, '1089933407', '3LOX LLC', NULL, NULL, NULL, NULL, 'TEMP'),
(131, NULL, '1089933408', 'EDILSON ALEJANDRO OROZCO CASTAÑEDA', NULL, NULL, NULL, NULL, 'TEMP'),
(132, NULL, '1089933409', 'JUAN PABLO RUIZ ZULUAGA', NULL, NULL, NULL, NULL, 'TEMP'),
(133, NULL, '1089933410', 'ANYELO ALEJANDRO GIRALDO OSPITIA', NULL, NULL, NULL, NULL, 'TEMP'),
(134, NULL, '1089933411', 'CARMEN ELENA AUZ AAGUIRRE', NULL, NULL, NULL, NULL, 'TEMP'),
(135, NULL, '1089933412', 'UNIVERSIDAD DE LA SABANA', NULL, NULL, NULL, NULL, 'TEMP'),
(136, NULL, '1089933413', 'UNIVERSIDAD DE MEDELLIN', NULL, NULL, NULL, NULL, 'TEMP'),
(137, NULL, '1089933414', 'Juan Roncancio', NULL, NULL, NULL, NULL, 'TEMP'),
(138, NULL, '1089933415', 'CORPORACIÓN COLOMBIANA DE INVESTIGACIÓN AGROPECUARIA - AGROSAVIA', NULL, NULL, NULL, NULL, 'TEMP'),
(139, NULL, '1089933416', 'VISUALITI SAS', NULL, NULL, NULL, NULL, 'TEMP'),
(140, NULL, '1089933417', 'Angela Ines Dominguez Camacho', NULL, NULL, NULL, NULL, 'TEMP'),
(141, NULL, '1089933418', 'Yongnong Biosciences Co', NULL, NULL, NULL, NULL, 'TEMP'),
(142, NULL, '1089933419', 'HUGO ANDRES LOPEZ ', NULL, NULL, NULL, NULL, 'TEMP'),
(143, NULL, '1089933420', 'LifeFactors Canadá (LifeFactors IP LP)', NULL, NULL, NULL, NULL, 'TEMP'),
(144, NULL, '1089933421', 'JHON FREDY HINCAPIE ECHEVERRI', NULL, NULL, NULL, NULL, 'TEMP'),
(145, NULL, '1089933422', 'JEISON DANIEL ECHEVERRI LOPEZ', NULL, NULL, NULL, NULL, 'TEMP'),
(146, 'CC', '1089933276', 'Alan Pareja Grisales', 'admin', 'alanparejag@gmail.com', '3135253934', '2005-12-26', '26102512');
>>>>>>> origin/Adrian-prueba

--
-- Índices para tablas volcadas
--

--
-- Indices de la tabla `patentes`
--
ALTER TABLE `patentes`
  ADD PRIMARY KEY (`id`),
  ADD UNIQUE KEY `expediente` (`expediente`),
  ADD KEY `id_inventor` (`inventor`),
  ADD KEY `id_apoderado` (`apoderado`);

--
-- Indices de la tabla `patente_solicitante`
--
ALTER TABLE `patente_solicitante`
  ADD PRIMARY KEY (`id`),
  ADD UNIQUE KEY `unique_patente_solicitante` (`patente_id`,`solicitante_id`),
  ADD KEY `solicitante_id` (`solicitante_id`);

--
-- Indices de la tabla `proyectos`
--
ALTER TABLE `proyectos`
  ADD PRIMARY KEY (`id`),
  ADD KEY `id_solicitante` (`id_solicitante`),
  ADD KEY `id_inventor` (`id_inventor`);

--
-- Indices de la tabla `solicitudpatentes`
--
ALTER TABLE `solicitudpatentes`
  ADD PRIMARY KEY (`id`),
  ADD KEY `id_solicitante` (`id_solicitante`),
  ADD KEY `id_inventor` (`id_inventor`),
  ADD KEY `id_apoderado` (`id_apoderado`);

--
-- Indices de la tabla `solicitudproyectos`
--
ALTER TABLE `solicitudproyectos`
  ADD PRIMARY KEY (`id`),
  ADD KEY `id_solicitante` (`id_solicitante`),
  ADD KEY `id_inventor` (`id_inventor`);

--
-- Indices de la tabla `usuario`
--
ALTER TABLE `usuario`
  ADD PRIMARY KEY (`id`),
  ADD UNIQUE KEY `NoDocumento` (`NoDocumento`),
  ADD UNIQUE KEY `correo` (`correo`),
  ADD UNIQUE KEY `NoDocumento_2` (`NoDocumento`),
  ADD UNIQUE KEY `correo_2` (`correo`);

--
-- AUTO_INCREMENT de las tablas volcadas
--

--
-- AUTO_INCREMENT de la tabla `patentes`
--
ALTER TABLE `patentes`
  MODIFY `id` int(11) NOT NULL AUTO_INCREMENT, AUTO_INCREMENT=156;

--
-- AUTO_INCREMENT de la tabla `patente_solicitante`
--
ALTER TABLE `patente_solicitante`
  MODIFY `id` int(11) NOT NULL AUTO_INCREMENT, AUTO_INCREMENT=184;

--
-- AUTO_INCREMENT de la tabla `proyectos`
--
ALTER TABLE `proyectos`
  MODIFY `id` int(11) NOT NULL AUTO_INCREMENT;

--
-- AUTO_INCREMENT de la tabla `solicitudpatentes`
--
ALTER TABLE `solicitudpatentes`
  MODIFY `id` int(11) NOT NULL AUTO_INCREMENT;

--
-- AUTO_INCREMENT de la tabla `solicitudproyectos`
--
ALTER TABLE `solicitudproyectos`
  MODIFY `id` int(11) NOT NULL AUTO_INCREMENT;

--
-- AUTO_INCREMENT de la tabla `usuario`
--
ALTER TABLE `usuario`
<<<<<<< HEAD
  MODIFY `id` int(11) NOT NULL AUTO_INCREMENT, AUTO_INCREMENT=146;
=======
  MODIFY `id` int(11) NOT NULL AUTO_INCREMENT, AUTO_INCREMENT=147;
>>>>>>> origin/Adrian-prueba

--
-- Restricciones para tablas volcadas
--

--
-- Filtros para la tabla `patente_solicitante`
--
ALTER TABLE `patente_solicitante`
  ADD CONSTRAINT `patente_solicitante_ibfk_1` FOREIGN KEY (`patente_id`) REFERENCES `patentes` (`id`) ON DELETE CASCADE,
  ADD CONSTRAINT `patente_solicitante_ibfk_2` FOREIGN KEY (`solicitante_id`) REFERENCES `usuario` (`id`) ON DELETE CASCADE;

--
-- Filtros para la tabla `proyectos`
--
ALTER TABLE `proyectos`
  ADD CONSTRAINT `proyectos_ibfk_1` FOREIGN KEY (`id_solicitante`) REFERENCES `usuario` (`id`) ON DELETE CASCADE ON UPDATE CASCADE,
  ADD CONSTRAINT `proyectos_ibfk_2` FOREIGN KEY (`id_inventor`) REFERENCES `usuario` (`id`) ON DELETE CASCADE ON UPDATE CASCADE;

--
-- Filtros para la tabla `solicitudpatentes`
--
ALTER TABLE `solicitudpatentes`
  ADD CONSTRAINT `solicitudpatentes_ibfk_1` FOREIGN KEY (`id_solicitante`) REFERENCES `usuario` (`id`) ON DELETE CASCADE ON UPDATE CASCADE,
  ADD CONSTRAINT `solicitudpatentes_ibfk_2` FOREIGN KEY (`id_inventor`) REFERENCES `usuario` (`id`) ON DELETE CASCADE ON UPDATE CASCADE,
  ADD CONSTRAINT `solicitudpatentes_ibfk_3` FOREIGN KEY (`id_apoderado`) REFERENCES `usuario` (`id`) ON DELETE CASCADE ON UPDATE CASCADE;

--
-- Filtros para la tabla `solicitudproyectos`
--
ALTER TABLE `solicitudproyectos`
  ADD CONSTRAINT `solicitudproyectos_ibfk_1` FOREIGN KEY (`id_solicitante`) REFERENCES `usuario` (`id`) ON DELETE CASCADE ON UPDATE CASCADE,
  ADD CONSTRAINT `solicitudproyectos_ibfk_2` FOREIGN KEY (`id_inventor`) REFERENCES `usuario` (`id`) ON DELETE CASCADE ON UPDATE CASCADE;
COMMIT;

/*!40101 SET CHARACTER_SET_CLIENT=@OLD_CHARACTER_SET_CLIENT */;
/*!40101 SET CHARACTER_SET_RESULTS=@OLD_CHARACTER_SET_RESULTS */;
/*!40101 SET COLLATION_CONNECTION=@OLD_COLLATION_CONNECTION */;
